Handle,Image Src,Image Position,Image Alt Text
zetlight-zn1050-led,,1,Zetlight ZN1050 LED 3-in-1
zetlight-e3-24w-freshwater-plant,,1,Zetlight E3 24W Freshwater Plant
zetlight-e3-24w-marine,,1,Zetlight E3 24W Marine
zetlight-za1201ai-marine,,1,Zetlight ZA1201AI Marine
zetlight-o2-freshwater-hanging,,1,Zetlight O2 Freshwater Hanging Kits
zetlight-ufo-f8-pro-algae,,1,Zetlight UFO F8 PRO Algae Bursting
zetlight-x9-66w-marine-rgb,,1,Zetlight X9 66W Marine RGB
zetlight-x9-pro-96w-marine-rgb,,1,Zetlight X9 PRO 96W Marine RGB
zetlight-qmaven-ii-q6-90,,1,Zetlight Qmaven II Q6-90 Marine
zetlight-qmaven-ii-q6-120,,1,Zetlight Qmaven II Q6-120 Marine
chihiros-aii-301-30cm-bluetooth,,1,Chihiros AII 301 30cm Bluetooth
chihiros-aii-361-36cm-bluetooth,,1,Chihiros AII 361 36cm Bluetooth
chihiros-aii-451-45cm-bluetooth,,1,Chihiros AII 451 45cm Bluetooth
chihiros-aii-601-60cm-bluetooth,,1,Chihiros AII 601 60cm Bluetooth
chihiros-aii-801-80cm-bluetooth,,1,Chihiros AII 801 80cm Bluetooth
chihiros-aii-901-90cm-bluetooth,,1,Chihiros AII 901 90cm Bluetooth
chihiros-aii-1201-120cm-bluetooth,,1,Chihiros AII 1201 120cm Bluetooth
chihiros-wrgb-ii-slim-30-plant,,1,Chihiros WRGB II SLIM 30 Plant
chihiros-wrgb-ii-slim-45-plant,,1,Chihiros WRGB II SLIM 45 Plant
chihiros-wrgb-ii-slim-60-plant,,1,Chihiros WRGB II SLIM 60 Plant
chihiros-wrgb-ii-slim-90-plant,,1,Chihiros WRGB II SLIM 90 Plant
chihiros-wrgb-ii-slim-120-plant,,1,Chihiros WRGB II SLIM 120 Plant
chihiros-cii-rgb-plant,,1,Chihiros CII RGB Plant
chihiros-z-light-tiny-6w-led,,1,Chihiros Z Light Tiny 6W LED
chihiros-rgb-vivid-mini-75w-plant,,1,Chihiros RGB VIVID MINI 75W Plant
chihiros-rgb-vivid-ii-10th-edition-130w,,1,Chihiros RGB VIVID II 10th Edition 130W
chihiros-wrgb-vivid3-black-180w,,1,Chihiros WRGB VIVID3 BLACK 180W
chihiros-wrgb2-pro-60-74w-plant,,1,Chihiros WRGB2 PRO 60 74W Plant
chihiros-wrgb2-pro-90-110w-plant,,1,Chihiros WRGB2 PRO 90 110W Plant
chihiros-wrgb2-pro-120-138w-plant,,1,Chihiros WRGB2 PRO 120 138W Plant
aquapro-n-series-co2-regulator,,1,Aquapro N Series CO2 Regulator
chihiros-tiny-co2-diffuser,,1,Chihiros Tiny CO2 Diffuser
chihiros-co2-regulator,,1,Chihiros CO2 Regulator
chihiros-co2-regulator-pro,,1,Chihiros CO2 Regulator PRO
chihiros-co2-manifold-block,,1,Chihiros CO2 Manifold Block
chihiros-co2-generator-kit-25l,,1,Chihiros CO2 Generator Kit 2.5L
sobo-pd1-dc-usb-pump-200lh,,1,Sobo PD1 DC USB Pump 200L/H
sobo-wp3200-submersible-300lh,,1,Sobo WP3200 Submersible 300L/H
sobo-wp3300-submersible-600lh,,1,Sobo WP3300 Submersible 600L/H
sobo-wp3400-submersible-880lh,,1,Sobo WP3400 Submersible 880L/H
sobo-wp3500-submersible-1200lh,,1,Sobo WP3500 Submersible 1200L/H
sobo-wp4000-submersible-2000lh,,1,Sobo WP4000 Submersible 2000L/H
sobo-wp5000-submersible-3000lh,,1,Sobo WP5000 Submersible 3000L/H
sobo-wp6000-submersible-4000lh,,1,Sobo WP6000 Submersible 4000L/H
sobo-wp7000-submersible-5000lh,,1,Sobo WP7000 Submersible 5000L/H
sobo-wp8000-submersible-6000lh,,1,Sobo WP8000 Submersible 6000L/H
sobo-bo9000a-amphibious-9000lh,,1,Sobo BO9000A Amphibious 9000L/H
sobo-bo12000a-amphibious-12000lh,,1,Sobo BO12000A Amphibious 12000L/H
sobo-bo14000a-amphibious-14000lh,,1,Sobo BO14000A Amphibious 14000L/H
sobo-bo16000a-amphibious-16000lh,,1,Sobo BO16000A Amphibious 16000L/H
sobo-wp2200-water-pump-2000lh,,1,Sobo WP2200 Water Pump 2000L/H
sobo-wp4200-water-pump-3000lh,,1,Sobo WP4200 Water Pump 3000L/H
sobo-wp5200-water-pump-3500lh,,1,Sobo WP5200 Water Pump 3500L/H
sobo-wp7200-water-pump-5500lh,,1,Sobo WP7200 Water Pump 5500L/H
sobo-wp9200-submersible-2400lh,,1,Sobo WP9200 Submersible 2400L/H
sobo-wp9600-submersible-3200lh,,1,Sobo WP9600 Submersible 3200L/H
sobo-wp9900-submersible-5000lh,,1,Sobo WP9900 Submersible 5000L/H
sobo-wp10800-submersible-8000lh,,1,Sobo WP10800 Submersible 8000L/H
sobo-sf1500-dc-amphibious-1800lh,,1,Sobo SF1500 DC Amphibious 1800L/H
sobo-sf2000-dc-amphibious-2000lh,,1,Sobo SF2000 DC Amphibious 2000L/H
sobo-sf3000-dc-amphibious-3000lh,,1,Sobo SF3000 DC Amphibious 3000L/H
sobo-sf4000-dc-amphibious-4000lh,,1,Sobo SF4000 DC Amphibious 4000L/H
sobo-sf5000-dc-amphibious-5000lh,,1,Sobo SF5000 DC Amphibious 5000L/H
sobo-sf6000-dc-amphibious-6000lh,,1,Sobo SF6000 DC Amphibious 6000L/H
sobo-sf8000-dc-amphibious-8000lh,,1,Sobo SF8000 DC Amphibious 8000L/H
sobo-sf10000-dc-amphibious-10000lh,,1,Sobo SF10000 DC Amphibious 10000L/H
sobo-sf12000-dc-amphibious-12000lh,,1,Sobo SF12000 DC Amphibious 12000L/H
sobo-wp50m-wavemaker-1000lh,,1,Sobo WP50M Wavemaker 1000L/H
sobo-wp100m-wavemaker-3000lh,,1,Sobo WP100M Wavemaker 3000L/H
sobo-wp200m-wavemaker-5000lh,,1,Sobo WP200M Wavemaker 5000L/H
sobo-wp300m-wavemaker-7500lh,,1,Sobo WP300M Wavemaker 7500L/H
sobo-wp400m-wavemaker-10000lh,,1,Sobo WP400M Wavemaker 10000L/H
sobo-wp800m-wavemaker-20000lh,,1,Sobo WP800M Wavemaker 20000L/H
bubble-magus-rock-wp600-680lh,,1,Bubble Magus Rock WP600 680L/H
bubble-magus-rock-wp1000-1100lh,,1,Bubble Magus Rock WP1000 1100L/H
bubble-magus-rock-wp2000-2100lh,,1,Bubble Magus Rock WP2000 2100L/H
bubble-magus-rock-wp4000-4100lh,,1,Bubble Magus Rock WP4000 4100L/H
bubble-magus-sp600-skimmer-pump,,1,Bubble Magus SP600 Skimmer Pump
bubble-magus-sp1000-skimmer-pump,,1,Bubble Magus SP1000 Skimmer Pump
bubble-magus-sp1500-skimmer-pump,,1,Bubble Magus SP1500 Skimmer Pump
bubble-magus-sp2000-skimmer-pump,,1,Bubble Magus SP2000 Skimmer Pump
bubble-magus-sp4000-skimmer-pump,,1,Bubble Magus SP4000 Skimmer Pump
bubble-magus-dsp4000-skimmer-pump,,1,Bubble Magus DSP4000 Skimmer Pump
bubble-magus-sp6000-skimmer-pump,,1,Bubble Magus SP6000 Skimmer Pump
bubble-magus-sp8000-skimmer-pump,,1,Bubble Magus SP8000 Skimmer Pump
bubble-magus-sp10000-skimmer-pump,,1,Bubble Magus SP10000 Skimmer Pump
jebao-mow3-smart-wavemaker-3000lh,,1,Jebao MOW3 Smart Wavemaker 3000L/H
jebao-mow5-smart-wavemaker-5000lh,,1,Jebao MOW5 Smart Wavemaker 5000L/H
jebao-mow9-smart-wavemaker-9000lh,,1,Jebao MOW9 Smart Wavemaker 9000L/H
jebao-mow16-smart-wavemaker-16000lh,,1,Jebao MOW16 Smart Wavemaker 16000L/H
jebao-mow22-smart-wavemaker-22000lh,,1,Jebao MOW22 Smart Wavemaker 22000L/H
xy168-biochemical-sponge-filter,,1,XY168 Biochemical Sponge Filter
xy2820-biosponge-filter-medium,,1,XY2820 BioSponge Filter Medium
xy2830-biosponge-filter-large,,1,XY2830 BioSponge Filter Large
xy2831-biosponge-filter-xl,,1,XY2831 BioSponge Filter XL
xy2822-biosponge-filter-xxl,,1,XY2822 BioSponge Filter XXL
xy2011-biological-corner-foam-filter,,1,XY2011 Biological Corner Foam Filter
xy2008-biological-corner-foam-filter-medium,,1,XY2008 Biological Corner Foam Filter
xy2010-biological-corner-foam-filter-large,,1,XY2010 Biological Corner Foam Filter
xy0121-nitrite-nitrate-removing-sponge,,1,XY0121 Nitrite Nitrate Removing Filter Sponge
xy0122-phosphate-removing-sponge,,1,XY0122 Phosphate Removing Filter Sponge
xy0123-ammonia-removing-sponge,,1,XY0123 Ammonia Removing Filter Sponge
xy0124-super-activated-carbon-sponge,,1,XY0124 Super Activated Carbon Sponge
xy0125-nitrite-nitrate-removing-large-sponge,,1,XY0125 Nitrite Nitrate Removing Large Sponge
xy0126-phosphate-removing-large-sponge,,1,XY0126 Phosphate Removing Large Sponge
xy0127-nitrite-nitrate-large-sponge,,1,XY0127 Nitrite Nitrate Large Sponge
xy0128-phosphate-removing-large-sponge-2,,1,XY0128 Phosphate Removing Large Sponge
external-cycle-breeder-box-small,,1,External Cycle Breeder Box Small
external-cycle-breeder-box-large,,1,External Cycle Breeder Box Large
an2-aquarium-fish-breeding-box,,1,AN2 Aquarium Fish Breeding Box
bbt2s-betta-single-bow-fish-tank,,1,BBT2S Betta Single Bow Fish Tank
bbt3s-betta-double-bow-fish-tank,,1,BBT3S Betta Double Bow Fish Tank
bbt4s-betta-triple-bow-fish-tank,,1,BBT4S Betta Triple Bow Fish Tank
bubble-wall-air-stone-7-inch,,1,Bubble Wall Air Stone 7 inch
bubble-wall-air-stone-10-inch,,1,Bubble Wall Air Stone 10 inch
bubble-wall-air-stone-14-inch,,1,Bubble Wall Air Stone 14 inch
bubble-wall-air-stone-18-inch,,1,Bubble Wall Air Stone 18 inch
bubble-wall-air-stone-23-inch,,1,Bubble Wall Air Stone 23 inch
venys-undergravel-filter-20,,1,Venys Undergravel Filter 20
venys-undergravel-filter-29,,1,Venys Undergravel Filter 29
venys-undergravel-filter-30,,1,Venys Undergravel Filter 30
venys-undergravel-filter-55,,1,Venys Undergravel Filter 55
filter-media-net-bag-15x20cm,,1,Filter Media Net Bag 15x20cm
filter-media-net-bag-28x32cm,,1,Filter Media Net Bag 28x32cm
far-infrared-ceramic-tube-single,,1,Far-infrared Ceramic Tube Single
far-infrared-ceramic-tube-box-154pcs,,1,Far-infrared Ceramic Tube Box 154pcs
abs-clips-glass-lid-6mm-4pcs,,1,ABS Clips Glass Lid 6mm 4pcs
abs-clips-glass-lid-8mm-4pcs,,1,ABS Clips Glass Lid 8mm 4pcs
brine-shrimp-hatch-kit,,1,Brine Shrimp Hatch Kit
londa-10l-koi-feeder,,1,Londa 10L Koi Feeder
solar-auto-pond-feeder,,1,Solar Auto Pond Feeder
telescopic-aquarium-cleaning-kit-5-in-1,,1,Telescopic Aquarium Cleaning Kit 5 in 1
battery-operated-aquarium-vacuum-cleaner,,1,Battery Operated Aquarium Vacuum Cleaner
digital-aquarium-thermometer,,1,Digital Aquarium Thermometer
led-thermometer-strip,,1,LED Thermometer Strip
anti-overflow-filter-bag,,1,Anti Overflow Filter Bag
anti-overflow-honeycomb-filter-bag,,1,Anti Overflow Honeycomb Filter Bag
carbon-sponge-50x50x4cm,,1,Carbon Sponge 50x50x4cm
live-marcgravia-umbellata-plant,,1,Live Marcgravia Umbellata Plant
live-sphagnum-moss,,1,Live Sphagnum Moss
live-premium-cushion-moss,,1,Live Premium Cushion Moss
live-racomitrium-moss,,1,Live Racomitrium Moss
live-hypnum-moss,,1,Live Hypnum Moss
live-racopilum-cuspidigerum-plant,,1,Live Racopilum Cuspidigerum Plant
langa-soil-8l-bag,,1,Langa Soil 8L Bag
langa-soil-8l-x3-box,,1,Langa Soil 8L x3 Box
langa-soil-4l-bag,,1,Langa Soil 4L Bag
langa-soil-4l-x6-box,,1,Langa Soil 4L x6 Box
langa-soil-supplement-120g,,1,Langa Soil Supplement 120g
glass-150x150x250-5mm-glass-tank,,1,150x150x250 5mm Glass Tank
glass-150x150x300-5mm-glass-tank,,1,150x150x300 5mm Glass Tank
glass-200x200x200-5mm-glass-tank,,1,200x200x200 5mm Glass Tank
glass-200x200x300-5mm-glass-tank,,1,200x200x300 5mm Glass Tank
glass-200x200x350-5mm-glass-tank,,1,200x200x350 5mm Glass Tank
glass-300x180x120-5mm-glass-tank,,1,300x180x120 5mm Glass Tank
glass-300x300x450-5mm-glass-tank,,1,300x300x450 5mm Glass Tank
glass-900x450x450-10mm-ultra-clear-glass-tank,,1,900x450x450 10mm Ultra Clear Glass Tank
betta-bed-with-suction-cup-a,,1,Betta Bed with Suction Cup A
betta-bed-with-suction-cup-b,,1,Betta Bed with Suction Cup B
betta-bed-with-suction-cup-c,,1,Betta Bed with Suction Cup C
betta-bed-with-clear-tube-d,,1,Betta Bed with Clear Tube D
spongebob-pineapple-home-ornament,,1,SpongeBob Pineapple Home Ornament
spongebob-home-set-3pcs-ornament,,1,SpongeBob Home Set 3pcs Ornament
mermaid-and-pink-seahorse-ornament,,1,Mermaid and Pink Seahorse Ornament
mermaid-and-blue-seahorse-ornament,,1,Mermaid and Blue Seahorse Ornament
mermaid-ornament-15x12x6,,1,Mermaid Ornament 15x12x6
mermaid-ornament-14x15x6-large,,1,Mermaid Ornament 14x15x6 Large
shipwreck-ornament,,1,Shipwreck Ornament
old-submarine-ornament,,1,Old Submarine Ornament
ufo-ornament,,1,UFO Ornament
star-wars-walker-ornament-small,,1,Star Wars Walker Ornament Small
star-wars-walker-ornament-large,,1,Star Wars Walker Ornament Large
coast-guard-boat-shipwreck-ornament,,1,Coast Guard Boat Shipwreck Ornament
vw-combi-ornament,,1,VW Combi Ornament
sunken-ship-octopus-design-ornament,,1,Sunken Ship Octopus Design Ornament
egyptian-sphinx-ornament,,1,Egyptian Sphinx Ornament
tree-man-ornament-12x11x23,,1,Tree Man Ornament 12x11x23
tree-man-ornament-14x12x18-large,,1,Tree Man Ornament 14x12x18 Large
skull-arch-ornament,,1,Skull Arch Ornament
gargoyle-ornament,,1,Gargoyle Ornament
mechanical-skeleton-ornament,,1,Mechanical Skeleton Ornament
mechanical-fish-ornament,,1,Mechanical Fish Ornament
baby-groot-ornament,,1,Baby Groot Ornament
groot-with-air-stone-ornament,,1,Groot with Air Stone Ornament
popetpop-ornament,,1,Popetpop Ornament
general-ornament-7x10x12,,1,General Ornament 7x10x12
meditation-buddha-statue-ornament,,1,Meditation Buddha Statue Ornament
ancient-buddha-ornament,,1,Ancient Buddha Ornament
swim-school-shack-ornament,,1,Swim School Shack Ornament
deco-castle-ornament,,1,Deco Castle Ornament
magical-castle-pink-ornament,,1,Magical Castle Pink Ornament
magical-castle-brown-ornament,,1,Magical Castle Brown Ornament
mountain-level-steps-moss-ornament,,1,Mountain Level Steps Moss Ornament
dragon-layer-7pcs-set-ornament,,1,Dragon Layer 7pcs Set Ornament
landscape-pavilion-tree-ornament,,1,Landscape Pavilion Tree Ornament
lotus-pods-decoration,,1,Lotus Pods Decoration
indian-almond-leaves-9-11pcs,,1,Indian Almond Leaves 9-11pcs
lava-rock-plant-holder,,1,Lava Rock Plant Holder
alveolate-rock-dragon-rock-25kg,,1,Alveolate Rock Dragon Rock 25kg
scenery-aquarium-rock-20kg,,1,Scenery Aquarium Rock 20kg
volcano-rock-black-20kg,,1,Volcano Rock Black 20kg
volcano-rock-red-20kg,,1,Volcano Rock Red 20kg
reef-rock-12kg,,1,Reef Rock 12kg
dragon-rock-bottle-mix,,1,Dragon Rock Bottle Mix
scenery-rock-bottle-mix,,1,Scenery Rock Bottle Mix
mini-lava-rock-3-5mm,,1,Mini Lava Rock 3-5mm
mini-lava-rock-6-8mm,,1,Mini Lava Rock 6-8mm
mini-lava-rock-12-15mm,,1,Mini Lava Rock 12-15mm
akadama-bonsai-soil-1-3mm-14l,,1,Akadama Bonsai Soil 1-3mm 14L
christmas-tree-bonsai-driftwood,,1,Christmas Tree Bonsai Driftwood
dr0817b-s-wave-bonsai-driftwood,,1,DR0817B S Wave Bonsai Driftwood
dr0817b-m-wave-bonsai-driftwood,,1,DR0817B M Wave Bonsai Driftwood
dr0817b-l-wave-bonsai-driftwood,,1,DR0817B L Wave Bonsai Driftwood
dr0817a-s-weeping-bonsai-driftwood,,1,DR0817A S Weeping Bonsai Driftwood
dr0817a-ms-weeping-bonsai-driftwood,,1,DR0817A MS Weeping Bonsai Driftwood
dr0817-sss-bonsai-driftwood,,1,DR0817 SSS Bonsai Driftwood
dr0817-ss-bonsai-driftwood,,1,DR0817 SS Bonsai Driftwood
dr0817-ms-bonsai-driftwood,,1,DR0817 MS Bonsai Driftwood
dr0817-ml-bonsai-driftwood,,1,DR0817 ML Bonsai Driftwood
bonsai-tree-driftwood-large,,1,Bonsai Tree Driftwood Large
spider-wood-20kg-bag,,1,Spider Wood 20kg Bag
spider-wood-branches-15-30cm,,1,Spider Wood Branches 15-30cm
cork-bark-origin-china-7-5kg,,1,Cork Bark Origin China 7.5kg
cork-tubes-origin-portugal-12kg,,1,Cork Tubes Origin Portugal 12kg
glow-in-dark-rocks-50pcs,,1,Glow in Dark Rocks 50pcs
bg-30cm-double-side-9019-9063,,1,30cm Double Side 9019/9063 Background
bg-40cm-double-side-9019-9063,,1,40cm Double Side 9019/9063 Background
bg-50cm-double-side-9019-9063,,1,50cm Double Side 9019/9063 Background
bg-60cm-double-side-9019-9063,,1,60cm Double Side 9019/9063 Background
bg-70cm-double-side-9019-9063,,1,70cm Double Side 9019/9063 Background
bg-80cm-double-side-9019-9063,,1,80cm Double Side 9019/9063 Background
bg-30cm-double-side-9037-9057,,1,30cm Double Side 9037/9057 Background
bg-40cm-double-side-9037-9057,,1,40cm Double Side 9037/9057 Background
bg-50cm-double-side-9037-9057,,1,50cm Double Side 9037/9057 Background
bg-60cm-double-side-9037-9057,,1,60cm Double Side 9037/9057 Background
bg-70cm-double-side-9037-9057,,1,70cm Double Side 9037/9057 Background
bg-80cm-double-side-9037-9057,,1,80cm Double Side 9037/9057 Background
bg-30cm-double-side-9086-9087,,1,30cm Double Side 9086/9087 Background
bg-40cm-double-side-9086-9087,,1,40cm Double Side 9086/9087 Background
bg-50cm-double-side-9086-9087,,1,50cm Double Side 9086/9087 Background
bg-60cm-double-side-9086-9087,,1,60cm Double Side 9086/9087 Background
bg-70cm-double-side-9086-9087,,1,70cm Double Side 9086/9087 Background
bg-80cm-double-side-9086-9087,,1,80cm Double Side 9086/9087 Background
bg-30cm-double-side-9094-9095,,1,30cm Double Side 9094/9095 Background
bg-40cm-double-side-9094-9095,,1,40cm Double Side 9094/9095 Background
bg-50cm-double-side-9094-9095,,1,50cm Double Side 9094/9095 Background
bg-60cm-double-side-9094-9095,,1,60cm Double Side 9094/9095 Background
bg-70cm-double-side-9094-9095,,1,70cm Double Side 9094/9095 Background
bg-80cm-double-side-9094-9095,,1,80cm Double Side 9094/9095 Background
bg-30cm-double-side-9003-9028-white,,1,30cm Double Side 9003/9028 White Background
bg-40cm-double-side-9003-9028-white,,1,40cm Double Side 9003/9028 White Background
bg-50cm-double-side-9003-9028-white,,1,50cm Double Side 9003/9028 White Background
bg-60cm-double-side-9003-9028-white,,1,60cm Double Side 9003/9028 White Background
bg-70cm-double-side-9003-9028-white,,1,70cm Double Side 9003/9028 White Background
bg-80cm-double-side-9003-9028-white,,1,80cm Double Side 9003/9028 White Background
bg-30cm-double-side-9015-9017,,1,30cm Double Side 9015/9017 Background
bg-40cm-double-side-9015-9017,,1,40cm Double Side 9015/9017 Background
bg-50cm-double-side-9015-9017,,1,50cm Double Side 9015/9017 Background
bg-60cm-double-side-9015-9017,,1,60cm Double Side 9015/9017 Background
bg-70cm-double-side-9015-9017,,1,70cm Double Side 9015/9017 Background
bg-80cm-double-side-9015-9017,,1,80cm Double Side 9015/9017 Background
bg-30cm-double-side-8009-8010,,1,30cm Double Side 8009/8010 Background
bg-40cm-double-side-8009-8010,,1,40cm Double Side 8009/8010 Background
bg-50cm-double-side-8009-8010,,1,50cm Double Side 8009/8010 Background
bg-60cm-double-side-8009-8010,,1,60cm Double Side 8009/8010 Background
bg-70cm-double-side-8009-8010,,1,70cm Double Side 8009/8010 Background
bg-80cm-double-side-8009-8010,,1,80cm Double Side 8009/8010 Background
bg-30cm-double-side-8019-8020,,1,30cm Double Side 8019/8020 Background
bg-40cm-double-side-8019-8020,,1,40cm Double Side 8019/8020 Background
bg-50cm-double-side-8019-8020,,1,50cm Double Side 8019/8020 Background
bg-60cm-double-side-8019-8020,,1,60cm Double Side 8019/8020 Background
bg-70cm-double-side-8019-8020,,1,70cm Double Side 8019/8020 Background
bg-80cm-double-side-8019-8020,,1,80cm Double Side 8019/8020 Background
dr-tank-all-in-one-fertilizer-np-zero-250ml,,1,DR Tank All in One Fertilizer NP Zero 250ml
dr-tank-complete-comprehensive-fertilizer-250ml,,1,DR Tank Complete Comprehensive Fertilizer 250ml
dr-tank-e1-method-fast-growth-250ml,,1,DR Tank E1 Method Fast Growth 250ml
dr-tank-algae-lite-remover-250ml,,1,DR Tank ALGAE lite Remover 250ml
dr-tank-planarian-remover-100ml,,1,DR Tank Planarian Remover 100ml
dr-tank-snail-remover-100ml,,1,DR Tank Snail Remover 100ml
dr-tank-bba-remover,,1,DR Tank BBA Remover
dr-tank-staghorn-algae-remover,,1,DR Tank Staghorn Algae Remover
dr-tank-cladophora-algae-remover,,1,DR Tank Cladophora Algae Remover
dr-tank-bga-remover,,1,DR Tank BGA Remover
dr-tank-t1-biobacter-tabs,,1,DR Tank T1 BioBacter Tabs
dr-tank-t2-chlorfree-tabs,,1,DR Tank T2 ChlorFree Tabs
dr-tank-t3-2-co2-fertilizer-tabs-100pcs,,1,DR Tank T3-2 CO2 Fertilizer Tabs 100pcs
dr-tank-t4-black-brush-algae-remover-tabs,,1,DR Tank T4 Black Brush Algae Remover Tabs
dr-tank-t5-algae-remover-tabs,,1,DR Tank T5 Algae Remover Tabs
dr-tank-t6-crystal-water-tabs,,1,DR Tank T6 Crystal Water Tabs
dr-tank-t7-snail-remover-tabs,,1,DR Tank T7 Snail Remover Tabs
dr-tank-t8-blue-green-algae-zero-tabs,,1,DR Tank T8 Blue Green Algae ZERO Tabs
dr-tank-t9-planarian-zero-tabs,,1,DR Tank T9 Planarian Zero Tabs
dr-tank-t12-white-spot-out-tabs,,1,DR Tank T12 White Spot OUT Tabs
dr-tank-t13-fish-waste-removal-tabs,,1,DR Tank T13 Fish Waste Removal Tabs
dr-tank-exg50-fast-growth-tabs,,1,DR Tank EXG50 Fast Growth Tabs
dr-tank-exv50-slower-growth-tabs,,1,DR Tank EXV50 Slower Growth Tabs
dr-tank-biobacteria-stick,,1,DR Tank BioBacteria Stick
dr-tank-sprout-stick,,1,DR Tank Sprout Stick
dr-tank-vivid-stick,,1,DR Tank Vivid Stick
dr-tank-iron-stick,,1,DR Tank Iron Stick
dr-tank-track-stick,,1,DR Tank Track Stick
dr-tank-n-nitrogen-tabs,,1,Dr TANK N Nitrogen Tabs
voonline-vl071-special-detergent-200ml,,1,Voonline VL071 Special Detergent 200ml
voonline-vl050-aquarium-landscaping-sand,,1,Voonline VL050 Aquarium Landscaping Sand
voonline-vl051-aquarium-landscaping-sand,,1,Voonline VL051 Aquarium Landscaping Sand
voonline-vl052-aquarium-landscaping-sand,,1,Voonline VL052 Aquarium Landscaping Sand
voonline-vl053-aquarium-landscaping-rocks,,1,Voonline VL053 Aquarium Landscaping Rocks
voonline-vl054-aquarium-landscaping-sand,,1,Voonline VL054 Aquarium Landscaping Sand
voonline-vl120-aquarium-landscaping-rocks,,1,Voonline VL120 Aquarium Landscaping Rocks
voonline-vl248-aquarium-landscaping-rocks,,1,Voonline VL248 Aquarium Landscaping Rocks
voonline-vl197-black-lava-rocks,,1,Voonline VL197 Black Lava Rocks
voonline-vl198-red-lava-rocks,,1,Voonline VL198 Red Lava Rocks
voonline-vl082-digital-thermometer-sticker,,1,Voonline VL082 Digital Thermometer Sticker
voonline-6in1-test-strips-50pcs,,1,Voonline 6in1 Test Strips 50pcs
voonline-vl030-black-cleaning-towel,,1,Voonline VL030 Black Cleaning Towel
voonline-vl101-aquarium-mat-40x40cm,,1,Voonline VL101 Aquarium Mat 40x40cm
voonline-vl102-aquarium-mat-45x30cm,,1,Voonline VL102 Aquarium Mat 45x30cm
voonline-vl104-aquarium-mat-60x30cm,,1,Voonline VL104 Aquarium Mat 60x30cm
voonline-vl109-aquarium-mat-90x45cm,,1,Voonline VL109 Aquarium Mat 90x45cm
voonline-vl112-aquarium-mat-120x45cm,,1,Voonline VL112 Aquarium Mat 120x45cm
voonline-vl190-aquarium-anti-jump-net-small,,1,Voonline VL190 Aquarium Anti-jump Net Small
voonline-vl191-aquarium-anti-jump-net-medium,,1,Voonline VL191 Aquarium Anti-jump Net Medium
voonline-vl192-aquarium-anti-jump-net-large,,1,Voonline VL192 Aquarium Anti-jump Net Large
voonline-vl256-aquarium-magnetic-anti-jump-net,,1,Voonline VL256 Aquarium Magnetic Anti-jump Net
voonline-vl258-aquarium-magnetic-anti-jump-net,,1,Voonline VL258 Aquarium Magnetic Anti-jump Net
voonline-vl188-mini-magnet-cleaner,,1,Voonline VL188 Mini Magnet Cleaner
voonline-3in1-algae-scraper-42mm,,1,Voonline 3in1 Algae Scraper 42mm
voonline-3in1-algae-scraper-62mm,,1,Voonline 3in1 Algae Scraper 62mm
crash-aquatic-seed-a-mini-cow-hair-grass,,1,Crash Aquatic Seed A Mini Cow Hair Grass
crash-aquatic-seed-b-mini-pairs-of-leaves,,1,Crash Aquatic Seed B Mini Pairs of Leaves
crash-aquatic-seed-c-round-leaves,,1,Crash Aquatic Seed C Round Leaves
crash-aquatic-seed-d-colored-leaves,,1,Crash Aquatic Seed D Colored Leaves
crash-aquatic-seed-e-love-grass,,1,Crash Aquatic Seed E Love Grass
freeze-dried-tubifex-worms-500ml,,1,FREEZE DRIED TUBIFEX WORMS 500ml
voonline-freeze-dried-antarctic-krill,,1,Voonline Freeze Dried Antarctic Krill
aquamaster-artemia-cysts-brine-shrimp-eggs-425g,,1,Aquamaster Artemia Cysts Brine Shrimp Eggs 425g
