brand,sku,title,product_id,action,duplicate_of,candidate_source_url,url_confidence,image_url,notes
Akwa,LED0105,Akwa Dophin Clamp LED Mini Tank,15538248515657,NEEDS_IMAGE,,https://www.akwa.co.za/products/?s=clamp+led,LOW,,"Clamp/clip light - exact akwa page not pinned; search akwa.co.za or Dophin catalogue"
Akwa,LED1088R,Akwa Dophin LED-1088 RGB 35cm 12W,15538248548425,NEEDS_IMAGE,,https://www.akwa.co.za/product/dophin-led-1088-rgb-35cm-12w/,MED,,"URL inferred from LED-1090 slug pattern - verify it opens"
Akwa,LED1089B,Akwa Dophin LED-1089 BioLux 45cm 17W,15538248581193,NEEDS_IMAGE,,https://www.akwa.co.za/product/dophin-led-1089-biolux-45cm-17w/,LOW,,"'BioLux' slug uncertain - verify; may be listed differently"
Akwa,LED1089M,Akwa Dophin LED-1089 Marine 45cm 17W,15538248613961,NEEDS_IMAGE,,https://www.akwa.co.za/product/dophin-led-1089-marine-45cm-17w/,MED,,"URL inferred from LED-1090 pattern"
Akwa,LED1089R,Akwa Dophin LED-1089 RGB 45cm 17W,15538248646729,NEEDS_IMAGE,,https://www.akwa.co.za/product/dophin-led-1089-rgb-45cm-17w/,MED,,"URL inferred from LED-1090 pattern"
Akwa,LED1090M,Akwa Dophin LED-1090 Marine 60cm 20W,15538248679497,NEEDS_IMAGE,,https://www.akwa.co.za/product/dophin-led-1090-marine-60cm-20w/,MED,,"URL inferred from confirmed LED-1090 RGB page"
Akwa,LED1090R,Akwa Dophin LED-1090 RGB 60cm 20W,15538248712265,NEEDS_IMAGE,,https://www.akwa.co.za/product/dophin-led-1090-rgb-60cm-20w/,HIGH,,"Confirmed by search result title"
Akwa,FG0300,Akwa Fullgain Flat LED 10W 30cm,15538248745033,NEEDS_IMAGE,,https://www.akwa.co.za/product/fullgain-flat-led-10w-30cm/,MED,,"URL inferred from confirmed 14W/45cm page"
Akwa,FG0301,Akwa Fullgain Flat LED 14W 45cm,15538248777801,NEEDS_IMAGE,,https://www.akwa.co.za/product/fullgain-flat-led-14w-45cm/,HIGH,,"Confirmed by search result title"
Akwa,FG0302,Akwa Fullgain Flat LED 18W 60cm,15538248810569,NEEDS_IMAGE,,https://www.akwa.co.za/product/fullgain-flat-led-18w-60cm/,MED,,"URL inferred from 14W/45cm pattern"
Akwa,FG0303,Akwa Fullgain Flat LED 22W 75cm,15538248843337,NEEDS_IMAGE,,https://www.akwa.co.za/product/fullgain-flat-led-22w-75cm/,MED,,"URL inferred from 14W/45cm pattern"
Akwa,FG0304,Akwa Fullgain Flat LED 26W 90cm,15538248876105,NEEDS_IMAGE,,https://www.akwa.co.za/product/fullgain-flat-led-26w-90cm/,MED,,"URL inferred from 14W/45cm pattern"
Akwa,LED4200W,Akwa Ocean Max LED T4-200 White 4W,15538248908873,NEEDS_IMAGE,,https://www.akwa.co.za/product/led-t4-200/,HIGH,,"Confirmed page. White vs Blue/White likely share one page - pick correct image"
Akwa,LED4200BW,Akwa Ocean Max LED T4-200 Blue White 4W,15538248941641,NEEDS_IMAGE,,https://www.akwa.co.za/product/led-t4-200/,HIGH,,"Same page as LED4200W - choose blue/white image if shown"
Akwa,LED4300W,Akwa Ocean Max LED T4-300 White 6W,15538248974409,NEEDS_IMAGE,,https://www.akwa.co.za/product/led-t4-300/,MED,,"URL inferred from led-t4-200 pattern"
Akwa,LED4300BW,Akwa Ocean Max LED T4-300 Blue White 6W,15538249007177,NEEDS_IMAGE,,https://www.akwa.co.za/product/led-t4-300/,MED,,"Same page as LED4300W"
Akwa,LED4400W,Akwa Ocean Max LED T4-400 White 7.5W,15538249039945,NEEDS_IMAGE,,https://www.akwa.co.za/product/led-t4-400/,MED,,"URL inferred from led-t4-200 pattern"
Akwa,LED4400BW,Akwa Ocean Max LED T4-400 Blue White 7.5W,15538249072713,NEEDS_IMAGE,,https://www.akwa.co.za/product/led-t4-400/,MED,,"Same page as LED4400W"
Akwa,LED4500W,Akwa Ocean Max LED T4-500 White 8W,15538249105481,NEEDS_IMAGE,,https://www.akwa.co.za/product/led-t4-500/,MED,,"URL inferred from led-t4-200 pattern"
Akwa,LED4500BW,Akwa Ocean Max LED T4-500 Blue White 8W,15538249138249,NEEDS_IMAGE,,https://www.akwa.co.za/product/led-t4-500/,MED,,"Same page as LED4500W"
Akwa,LED4600W,Akwa Ocean Max LED T4-600 White 10W,15538249171017,NEEDS_IMAGE,,https://www.akwa.co.za/product/led-t4-600/,MED,,"URL inferred from led-t4-200 pattern"
Akwa,LED4600BW,Akwa Ocean Max LED T4-600 Blue White 10W,15538249203785,NEEDS_IMAGE,,https://www.akwa.co.za/product/led-t4-600/,MED,,"Same page as LED4600W"
Akwa,LED4800W,Akwa Ocean Max LED T4-800 White 13.6W,15538249236553,NEEDS_IMAGE,,https://www.akwa.co.za/product/led-t4-800/,MED,,"URL inferred from led-t4-200 pattern"
Akwa,LED4800BW,Akwa Ocean Max LED T4-800 Blue White 13.6W,15538249269321,NEEDS_IMAGE,,https://www.akwa.co.za/product/led-t4-800/,MED,,"Same page as LED4800W"
Akwa,LED41000W,Akwa Ocean Max LED T4-1000 White 16.5W,15538249302089,NEEDS_IMAGE,,https://www.akwa.co.za/product/led-t4-1000/,MED,,"URL inferred from led-t4-200 pattern"
Akwa,LED41000BW,Akwa Ocean Max LED T4-1000 Blue White 16.5W,15538249334857,NEEDS_IMAGE,,https://www.akwa.co.za/product/led-t4-1000/,MED,,"Same page as LED41000W"
Akwa,HTR0600,Akwa SunSun XRB-600W Heater,15538249597001,NEEDS_IMAGE,,https://www.akwa.co.za/product/sun-sun-heater-xrb-600-600w/,HIGH,,"Confirmed by search result title"
Akwa,HTR1000,Akwa SunSun XRB-1000W Heater,15538249629769,NEEDS_IMAGE,,https://www.akwa.co.za/product/sun-sun-heater-xrb-1000-1000w/,MED,,"URL inferred from XRB-600 pattern"
Akwa,APS0505,Akwa AC/DC Air Pump APQ-505 510L/H,15538249662537,NEEDS_IMAGE,,https://www.akwa.co.za/product/ac-dc-air-pump-apq-505-510l-h/,MED,,"URL inferred from JT-203S pattern"
Akwa,APS0510,Akwa AC/DC Air Pump APQ-510 1020L/H,15538249695305,NEEDS_IMAGE,,https://www.akwa.co.za/product/ac-dc-air-pump-apq-510-1020l-h/,MED,,"URL inferred from JT-203S pattern"
Akwa,APS0203,Akwa AC/DC Air Pump JT-203S 240L/H,15538249728073,NEEDS_IMAGE,,https://www.akwa.co.za/product/ac-dc-air-pump-jt-203s-240l-h/,HIGH,,"Confirmed by search result title"
Akwa,AFM0105,Akwa Ceramic Noodles 500ml,15538250022985,NEEDS_IMAGE,,https://www.akwa.co.za/products/?s=ceramic,LOW,,"Exact page not pinned - search akwa.co.za for ceramic ring/noodle media"
Akwa,AFM0106,Akwa Ceramic Noodles 1L,15538250055753,NEEDS_IMAGE,,https://www.akwa.co.za/products/?s=ceramic,LOW,,"Exact page not pinned - search akwa.co.za for ceramic ring/noodle media"
Akwa,AFM0110,Akwa Zeolite Ammonia Remover 500ml,15538250088521,NEEDS_IMAGE,,https://www.akwa.co.za/product/zeolite-ammonia-remover-500ml-bottle/,HIGH,,"Confirmed by search result title"
Akwa,AFM0111,Akwa Zeolite Ammonia Remover 1L,15538250121289,NEEDS_IMAGE,,https://www.akwa.co.za/product/zeolite-ammonia-remover-1lt-bottle/,HIGH,,"Confirmed by search result title"
Akwa,AQD8003,Akwa Dophin Mini Tank GT-8003 12L,15538250154057,NEEDS_IMAGE,,https://www.akwa.co.za/product/dophin-mini-tank-12l/,HIGH,,"Confirmed by search result title (DOPHIN MINI TANK - 12L)"
Akwa,AKW0060,Akwaria Oxygen Drops 50Ml,15544892915785,NEEDS_IMAGE,,https://www.akwa.co.za/product/akwaria-oxygen-drops-50ml/,HIGH,,"Confirmed; note brand spelled 'Akwaria' not 'Akwa'"
Akwa,(no SKU),Akwa Fullgain Flat LED,15547028111433,FLAG_DUPLICATE,FG0300-FG0304,,,,"No-SKU generic duplicate of the Fullgain line - merge, do not image"
Akwa,(no SKU),Akwa Ocean Max LED T4 200,15547028766793,FLAG_DUPLICATE,LED4200W/LED4200BW,,,,"No-SKU generic duplicate - merge, do not image"
Akwa,(no SKU),Akwa Ocean Max LED T4 300,15547028799561,FLAG_DUPLICATE,LED4300W/LED4300BW,,,,"No-SKU generic duplicate - merge, do not image"
Akwa,(no SKU),Akwa Ocean Max LED T4 400,15547028832329,FLAG_DUPLICATE,LED4400W/LED4400BW,,,,"No-SKU generic duplicate - merge, do not image"
Akwa,(no SKU),Akwa Ocean Max LED T4 500,15547028865097,FLAG_DUPLICATE,LED4500W/LED4500BW,,,,"No-SKU generic duplicate - merge, do not image"
Akwa,(no SKU),Akwa Ocean Max LED T4 600,15547028897865,FLAG_DUPLICATE,LED4600W/LED4600BW,,,,"No-SKU generic duplicate - merge, do not image"
Akwa,(no SKU),Akwa Ocean Max LED T4 800,15547028930633,FLAG_DUPLICATE,LED4800W/LED4800BW,,,,"No-SKU generic duplicate - merge, do not image"
Akwa,(no SKU),Akwa Ocean Max LED T4 1000,15547028963401,FLAG_DUPLICATE,LED41000W/LED41000BW,,,,"No-SKU generic duplicate - merge, do not image"
