sku,action,product_id,status,vendor,total_inventory,has_image,title,keeper_id
AF0228,ARCHIVE,gid://shopify/Product/15544896323657,ARCHIVED,Aqua Cube,0,Y,Dophin Cichlid Pellets 100G - Mini,gid://shopify/Product/15547026767945
AF0228,KEEP,gid://shopify/Product/15547026767945,ACTIVE,Dophin,0,Y,Dophin Cichlid Pellets - Mini,gid://shopify/Product/15547026767945
AFM0102,ARCHIVE,gid://shopify/Product/15538249957449,ARCHIVED,Aqua Cube,0,Y,Akwa Activated Carbon 500ml,gid://shopify/Product/15544893079625
AFM0102,KEEP,gid://shopify/Product/15544893079625,ACTIVE,Aqua Cube,0,Y,Activated Carbon 500Ml Bottle,gid://shopify/Product/15544893079625
AFM0103,ARCHIVE,gid://shopify/Product/15538249990217,ARCHIVED,Aqua Cube,0,Y,Akwa Activated Carbon 1L,gid://shopify/Product/15544892784713
AFM0103,KEEP,gid://shopify/Product/15544892784713,ACTIVE,Aqua Cube,0,Y,Activated Carbon 1L Bottle,gid://shopify/Product/15544892784713
AFM0103,ARCHIVE,gid://shopify/Product/15547026702409,ACTIVE,Aqua Cube,0,Y,Akwa Activated Carbon,gid://shopify/Product/15544892784713
AFM0105,KEEP,gid://shopify/Product/15538250022985,DRAFT,Aqua Cube,0,Y,Akwa Ceramic Noodles 500ml,gid://shopify/Product/15538250022985
AFM0105,ARCHIVE,gid://shopify/Product/15544893112393,DRAFT,Aqua Cube,0,Y,Ceramic Noodles 500Ml Bottle,gid://shopify/Product/15538250022985
AFM0106,KEEP,gid://shopify/Product/15538250055753,DRAFT,Aqua Cube,0,Y,Akwa Ceramic Noodles 1L,gid://shopify/Product/15538250055753
AFM0106,ARCHIVE,gid://shopify/Product/15544892817481,DRAFT,Aqua Cube,0,Y,Ceramic Noodles 1L Bottle,gid://shopify/Product/15538250055753
AFM0110,KEEP,gid://shopify/Product/15538250088521,DRAFT,Aqua Cube,0,Y,Akwa Zeolite Ammonia Remover 500ml,gid://shopify/Product/15538250088521
AFM0110,ARCHIVE,gid://shopify/Product/15544893145161,DRAFT,Aqua Cube,0,Y,Zeolite Ammonia Remover 500Ml Bottle,gid://shopify/Product/15538250088521
AFM0111,KEEP,gid://shopify/Product/15538250121289,DRAFT,Aqua Cube,0,Y,Akwa Zeolite Ammonia Remover 1L,gid://shopify/Product/15538250121289
AFM0111,ARCHIVE,gid://shopify/Product/15544892850249,DRAFT,Aqua Cube,0,Y,Zeolite Ammonia Remover 1L Bottle,gid://shopify/Product/15538250121289
AG0812,ARCHIVE,gid://shopify/Product/15544912117833,ARCHIVED,Aqua Cube,0,Y,Gravel White 2Kg,gid://shopify/Product/15547026440265
AG0812,KEEP,gid://shopify/Product/15547026440265,ACTIVE,Aqua Cube,0,Y,Gravel White,gid://shopify/Product/15547026440265
AG0816,ARCHIVE,gid://shopify/Product/15544912609353,ARCHIVED,Aqua Cube,0,Y,Gravel White - 2Kg Fine,gid://shopify/Product/15547026473033
AG0816,KEEP,gid://shopify/Product/15547026473033,ACTIVE,Aqua Cube,0,Y,Gravel White - Fine,gid://shopify/Product/15547026473033
AIRT-3M-BLK,ARCHIVE,gid://shopify/Product/15546927284297,ARCHIVED,Aqua Cube,10,Y,4/6mm Airline Tube 3m Black,gid://shopify/Product/15547028078665
AIRT-3M-BLK,KEEP,gid://shopify/Product/15547028078665,ACTIVE,Aqua Cube,0,Y,4 6mm Airline Tube 3m,gid://shopify/Product/15547028078665
AIRT-3M-BLU,ARCHIVE,gid://shopify/Product/15546927382601,ARCHIVED,Aqua Cube,10,Y,4/6mm Airline Tube 3m Blue,gid://shopify/Product/15547028078665
AIRT-3M-BLU,KEEP,gid://shopify/Product/15547028078665,ACTIVE,Aqua Cube,0,Y,4 6mm Airline Tube 3m,gid://shopify/Product/15547028078665
AIRT-3M-GRN,ARCHIVE,gid://shopify/Product/15546927349833,ARCHIVED,Aqua Cube,10,Y,4/6mm Airline Tube 3m Green,gid://shopify/Product/15547028078665
AIRT-3M-GRN,KEEP,gid://shopify/Product/15547028078665,ACTIVE,Aqua Cube,0,Y,4 6mm Airline Tube 3m,gid://shopify/Product/15547028078665
AIRT-3M-PNK,ARCHIVE,gid://shopify/Product/15546927251529,ARCHIVED,Aqua Cube,10,Y,4/6mm Airline Tube 3m Pink,gid://shopify/Product/15547028078665
AIRT-3M-PNK,KEEP,gid://shopify/Product/15547028078665,ACTIVE,Aqua Cube,0,Y,4 6mm Airline Tube 3m,gid://shopify/Product/15547028078665
AIRT-3M-WHT,ARCHIVE,gid://shopify/Product/15546927218761,ARCHIVED,Aqua Cube,10,Y,4/6mm Airline Tube 3m White,gid://shopify/Product/15547028078665
AIRT-3M-WHT,KEEP,gid://shopify/Product/15547028078665,ACTIVE,Aqua Cube,0,Y,4 6mm Airline Tube 3m,gid://shopify/Product/15547028078665
AIRT-3M-YLW,ARCHIVE,gid://shopify/Product/15546927317065,ARCHIVED,Aqua Cube,10,Y,4/6mm Airline Tube 3m Yellow,gid://shopify/Product/15547028078665
AIRT-3M-YLW,KEEP,gid://shopify/Product/15547028078665,ACTIVE,Aqua Cube,0,Y,4 6mm Airline Tube 3m,gid://shopify/Product/15547028078665
APS0203,ARCHIVE,gid://shopify/Product/15538249728073,DRAFT,Aqua Cube,0,Y,Akwa AC/DC Air Pump JT-203S 240L/H,gid://shopify/Product/15544890720329
APS0203,KEEP,gid://shopify/Product/15544890720329,ACTIVE,Aqua Cube,0,Y,Ac/Dc Air Pump - Jt-203S / 240 L/H,gid://shopify/Product/15544890720329
APS0505,ARCHIVE,gid://shopify/Product/15538249662537,DRAFT,Aqua Cube,0,Y,Akwa AC/DC Air Pump APQ-505 510L/H,gid://shopify/Product/15544890687561
APS0505,KEEP,gid://shopify/Product/15544890687561,ACTIVE,Aqua Cube,0,Y,Ac/Dc Air Pump - Apq-505 / 510 L/H,gid://shopify/Product/15544890687561
APS0510,ARCHIVE,gid://shopify/Product/15538249695305,DRAFT,Aqua Cube,0,Y,Akwa AC/DC Air Pump APQ-510 1020L/H,gid://shopify/Product/15544890949705
APS0510,KEEP,gid://shopify/Product/15544890949705,ACTIVE,Aqua Cube,0,Y,Ac/Dc Air Pump - Apq-510 / 1020 L/H,gid://shopify/Product/15544890949705
AQD8003,KEEP,gid://shopify/Product/15538250154057,DRAFT,Aqua Cube,0,Y,Akwa Dophin Mini Tank GT-8003 12L,gid://shopify/Product/15538250154057
AQD8003,ARCHIVE,gid://shopify/Product/15544889507913,DRAFT,Aqua Cube,0,Y,Dophin Mini Tank - 12L / Gt-8003 (245L X 190W X 265H),gid://shopify/Product/15538250154057
AQP-CDM-M20,ARCHIVE,gid://shopify/Product/15546934263881,ARCHIVED,Aqua Cube,10,Y,Aquapro CO2 Diffuser Mate M 20cm,gid://shopify/Product/15547029225545
AQP-CDM-M20,KEEP,gid://shopify/Product/15547029225545,ACTIVE,Aqua Cube,0,Y,Aquapro CO2 Diffuser Mate M,gid://shopify/Product/15547029225545
AQP-CDM-M25,ARCHIVE,gid://shopify/Product/15546934296649,ARCHIVED,Aqua Cube,10,Y,Aquapro CO2 Diffuser Mate M 25cm,gid://shopify/Product/15547029225545
AQP-CDM-M25,KEEP,gid://shopify/Product/15547029225545,ACTIVE,Aqua Cube,0,Y,Aquapro CO2 Diffuser Mate M,gid://shopify/Product/15547029225545
AQP-CDM-S15,ARCHIVE,gid://shopify/Product/15546934198345,ARCHIVED,Aqua Cube,10,Y,Aquapro CO2 Diffuser Mate S 15cm,gid://shopify/Product/15547029192777
AQP-CDM-S15,KEEP,gid://shopify/Product/15547029192777,ACTIVE,Aqua Cube,0,Y,Aquapro CO2 Diffuser Mate S,gid://shopify/Product/15547029192777
AQP-CDM-S20,ARCHIVE,gid://shopify/Product/15546934231113,ARCHIVED,Aqua Cube,10,Y,Aquapro CO2 Diffuser Mate S 20cm,gid://shopify/Product/15547029192777
AQP-CDM-S20,KEEP,gid://shopify/Product/15547029192777,ACTIVE,Aqua Cube,0,Y,Aquapro CO2 Diffuser Mate S,gid://shopify/Product/15547029192777
AQP-PT-C25,ARCHIVE,gid://shopify/Product/15546933575753,ARCHIVED,Aqua Cube,10,Y,Aquapro Pro Tweezer Curved 25cm,gid://shopify/Product/15547028701257
AQP-PT-C25,KEEP,gid://shopify/Product/15547028701257,ACTIVE,Aquapro,0,Y,Aquapro Pro Tweezer Curved,gid://shopify/Product/15547028701257
AQP-PT-S25,ARCHIVE,gid://shopify/Product/15546933542985,ARCHIVED,Aqua Cube,10,Y,Aquapro Pro Tweezer Straight 25cm,gid://shopify/Product/15547026669641
AQP-PT-S25,KEEP,gid://shopify/Product/15547026669641,ACTIVE,Aquapro,0,Y,Aquapro Pro Tweezer Straight,gid://shopify/Product/15547026669641
ATC0855,ARCHIVE,gid://shopify/Product/15544885117001,ARCHIVED,Aqua Cube,0,Y,"Aim 14"" 10W Marine Blue Moon (Coral Lux)",gid://shopify/Product/15547028570185
ATC0855,KEEP,gid://shopify/Product/15547028570185,ACTIVE,Aim,0,Y,Aim Marine Moon (Coral Lux),gid://shopify/Product/15547028570185
BLK-MH100-BK,ARCHIVE,gid://shopify/Product/15546937475145,ARCHIVED,Aqua Cube,10,Y,Bioloark MH-100 Black 295x146x130mm,gid://shopify/Product/15547029356617
BLK-MH100-BK,KEEP,gid://shopify/Product/15547029356617,ACTIVE,Aqua Cube,0,Y,Bioloark MH 100 295x146x130mm,gid://shopify/Product/15547029356617
BLK-MH100-WH,ARCHIVE,gid://shopify/Product/15546937507913,ARCHIVED,Aqua Cube,10,Y,Bioloark MH-100 White 295x146x130mm,gid://shopify/Product/15547029356617
BLK-MH100-WH,KEEP,gid://shopify/Product/15547029356617,ACTIVE,Aqua Cube,0,Y,Bioloark MH 100 295x146x130mm,gid://shopify/Product/15547029356617
BLK-MH120-BK,ARCHIVE,gid://shopify/Product/15546937540681,ARCHIVED,Aqua Cube,10,Y,Bioloark MH-120 Black 312x166x148mm,gid://shopify/Product/15547029389385
BLK-MH120-BK,KEEP,gid://shopify/Product/15547029389385,ACTIVE,Aqua Cube,0,Y,Bioloark MH 120 312x166x148mm,gid://shopify/Product/15547029389385
BLK-MH120-WH,ARCHIVE,gid://shopify/Product/15546937573449,ARCHIVED,Aqua Cube,10,Y,Bioloark MH-120 White 312x166x148mm,gid://shopify/Product/15547029389385
BLK-MH120-WH,KEEP,gid://shopify/Product/15547029389385,ACTIVE,Aqua Cube,0,Y,Bioloark MH 120 312x166x148mm,gid://shopify/Product/15547029389385
BLK-MH80-BK,ARCHIVE,gid://shopify/Product/15546937409609,ARCHIVED,Aqua Cube,10,Y,Bioloark MH-80 Black 229x125x105mm,gid://shopify/Product/15547029323849
BLK-MH80-BK,KEEP,gid://shopify/Product/15547029323849,ACTIVE,Aqua Cube,0,Y,Bioloark MH 80 229x125x105mm,gid://shopify/Product/15547029323849
BLK-MH80-WH,ARCHIVE,gid://shopify/Product/15546937442377,ARCHIVED,Aqua Cube,10,Y,Bioloark MH-80 White 229x125x105mm,gid://shopify/Product/15547029323849
BLK-MH80-WH,KEEP,gid://shopify/Product/15547029323849,ACTIVE,Aqua Cube,0,Y,Bioloark MH 80 229x125x105mm,gid://shopify/Product/15547029323849
BLK-MQ150-BK,ARCHIVE,gid://shopify/Product/15546937606217,ARCHIVED,Aqua Cube,10,Y,Bioloark MQ-150 Black 157x230mm,gid://shopify/Product/15547029422153
BLK-MQ150-BK,KEEP,gid://shopify/Product/15547029422153,ACTIVE,Aqua Cube,0,Y,Bioloark MQ 150 157x230mm,gid://shopify/Product/15547029422153
BLK-MQ150-WH,ARCHIVE,gid://shopify/Product/15546937638985,ARCHIVED,Aqua Cube,10,Y,Bioloark MQ-150 White 157x230mm,gid://shopify/Product/15547029422153
BLK-MQ150-WH,KEEP,gid://shopify/Product/15547029422153,ACTIVE,Aqua Cube,0,Y,Bioloark MQ 150 157x230mm,gid://shopify/Product/15547029422153
BLK-MQ175-BK,ARCHIVE,gid://shopify/Product/15546937671753,ARCHIVED,Aqua Cube,10,Y,Bioloark MQ-175 Black 184x260mm,gid://shopify/Product/15547029454921
BLK-MQ175-BK,KEEP,gid://shopify/Product/15547029454921,ACTIVE,Aqua Cube,0,Y,Bioloark MQ 175 184x260mm,gid://shopify/Product/15547029454921
BLK-MQ175-WH,ARCHIVE,gid://shopify/Product/15546937704521,ARCHIVED,Aqua Cube,10,Y,Bioloark MQ-175 White 184x260mm,gid://shopify/Product/15547029454921
BLK-MQ175-WH,KEEP,gid://shopify/Product/15547029454921,ACTIVE,Aqua Cube,0,Y,Bioloark MQ 175 184x260mm,gid://shopify/Product/15547029454921
BLK-MY150K-BK,ARCHIVE,gid://shopify/Product/15546937344073,ARCHIVED,Aqua Cube,10,Y,Bioloark MY-150K Black,gid://shopify/Product/15547029291081
BLK-MY150K-BK,KEEP,gid://shopify/Product/15547029291081,ACTIVE,Aqua Cube,0,Y,Bioloark MY 150K,gid://shopify/Product/15547029291081
BLK-MY150K-WH,ARCHIVE,gid://shopify/Product/15546937376841,ARCHIVED,Aqua Cube,10,Y,Bioloark MY-150K White,gid://shopify/Product/15547029291081
BLK-MY150K-WH,KEEP,gid://shopify/Product/15547029291081,ACTIVE,Aqua Cube,0,Y,Bioloark MY 150K,gid://shopify/Product/15547029291081
CG0828,ARCHIVE,gid://shopify/Product/15544913526857,ARCHIVED,Aqua Cube,0,Y,Coloured Gravel Red 2.5Mm - 1Kg,gid://shopify/Product/15547028144201
CG0828,KEEP,gid://shopify/Product/15547028144201,DRAFT,Aqua Cube,0,Y,Coloured Gravel 2.5Mm 1Kg,gid://shopify/Product/15547028144201
CG0830,ARCHIVE,gid://shopify/Product/15544913559625,ARCHIVED,Aqua Cube,0,Y,Coloured Gravel Green 2.5Mm - 1Kg,gid://shopify/Product/15547028144201
CG0830,KEEP,gid://shopify/Product/15547028144201,DRAFT,Aqua Cube,0,Y,Coloured Gravel 2.5Mm 1Kg,gid://shopify/Product/15547028144201
CG0832,ARCHIVE,gid://shopify/Product/15544913428553,ARCHIVED,Aqua Cube,0,Y,Coloured Gravel Yellow 2.5Mm - 1Kg,gid://shopify/Product/15547028144201
CG0832,KEEP,gid://shopify/Product/15547028144201,DRAFT,Aqua Cube,0,Y,Coloured Gravel 2.5Mm 1Kg,gid://shopify/Product/15547028144201
CG0834,ARCHIVE,gid://shopify/Product/15544913461321,ARCHIVED,Aqua Cube,0,Y,Coloured Gravel Pink 2.5Mm - 1Kg,gid://shopify/Product/15547028144201
CG0834,KEEP,gid://shopify/Product/15547028144201,DRAFT,Aqua Cube,0,Y,Coloured Gravel 2.5Mm 1Kg,gid://shopify/Product/15547028144201
CG0846,ARCHIVE,gid://shopify/Product/15544913592393,ARCHIVED,Aqua Cube,0,Y,Coloured Gravel Purple 2.5Mm - 1Kg,gid://shopify/Product/15547028144201
CG0846,KEEP,gid://shopify/Product/15547028144201,DRAFT,Aqua Cube,0,Y,Coloured Gravel 2.5Mm 1Kg,gid://shopify/Product/15547028144201
CG0876,ARCHIVE,gid://shopify/Product/15544912543817,ARCHIVED,Aqua Cube,0,Y,Colour Stone Smooth Black 1Kg,gid://shopify/Product/15547028045897
CG0876,KEEP,gid://shopify/Product/15547028045897,ACTIVE,Aqua Cube,0,Y,Colour Stone Smooth 1Kg,gid://shopify/Product/15547028045897
CO2T-180M-BK,ARCHIVE,gid://shopify/Product/15546933149769,ARCHIVED,Aqua Cube,10,Y,CO2 Tube 180m Black (bulk),gid://shopify/Product/15547029127241
CO2T-180M-BK,KEEP,gid://shopify/Product/15547029127241,ACTIVE,Aqua Cube,0,Y,CO2 Tube 180m (bulk),gid://shopify/Product/15547029127241
CO2T-180M-GR,ARCHIVE,gid://shopify/Product/15546933182537,ARCHIVED,Aqua Cube,10,Y,CO2 Tube 180m Grey (bulk),gid://shopify/Product/15547029127241
CO2T-180M-GR,KEEP,gid://shopify/Product/15547029127241,ACTIVE,Aqua Cube,0,Y,CO2 Tube 180m (bulk),gid://shopify/Product/15547029127241
FG0300,KEEP,gid://shopify/Product/15538248745033,ARCHIVED,Aqua Cube,0,Y,Akwa Fullgain Flat LED 10W 30cm,gid://shopify/Product/15538248745033
FG0300,ARCHIVE,gid://shopify/Product/15544885280841,ARCHIVED,Aqua Cube,0,Y,Fullgain Flat Led - 10W / 30Cm,gid://shopify/Product/15538248745033
FN0267,ARCHIVE,gid://shopify/Product/15544895012937,ARCHIVED,Aqua Cube,0,Y,"4"" Fish Net",gid://shopify/Product/15547028471881
FN0267,KEEP,gid://shopify/Product/15547028471881,DRAFT,Aqua Cube,0,Y,Fish Net,gid://shopify/Product/15547028471881
FN0269,ARCHIVE,gid://shopify/Product/15544895242313,ARCHIVED,Aqua Cube,0,Y,"6"" Fish Net",gid://shopify/Product/15547028471881
FN0269,KEEP,gid://shopify/Product/15547028471881,DRAFT,Aqua Cube,0,Y,Fish Net,gid://shopify/Product/15547028471881
FN0270,ARCHIVE,gid://shopify/Product/15544895045705,ARCHIVED,Aqua Cube,0,Y,"8"" Fish Net",gid://shopify/Product/15547028471881
FN0270,KEEP,gid://shopify/Product/15547028471881,DRAFT,Aqua Cube,0,Y,Fish Net,gid://shopify/Product/15547028471881
FN0271,ARCHIVE,gid://shopify/Product/15544895275081,ARCHIVED,Aqua Cube,0,Y,"12"" Fish Net",gid://shopify/Product/15547028471881
FN0271,KEEP,gid://shopify/Product/15547028471881,DRAFT,Aqua Cube,0,Y,Fish Net,gid://shopify/Product/15547028471881
FS-300-BR,ARCHIVE,gid://shopify/Product/15546936688713,ARCHIVED,Aqua Cube,10,Y,Foam Spray 300ml Brown,gid://shopify/Product/15547029258313
FS-300-BR,KEEP,gid://shopify/Product/15547029258313,ACTIVE,Aqua Cube,0,Y,Foam Spray 300ml,gid://shopify/Product/15547029258313
FS-300-GR,ARCHIVE,gid://shopify/Product/15546936655945,ARCHIVED,Aqua Cube,10,Y,Foam Spray 300ml Grey,gid://shopify/Product/15547029258313
FS-300-GR,KEEP,gid://shopify/Product/15547029258313,ACTIVE,Aqua Cube,0,Y,Foam Spray 300ml,gid://shopify/Product/15547029258313
HIK01106,ARCHIVE,gid://shopify/Product/15544898388041,ARCHIVED,Aqua Cube,0,Y,Hikari Goldfish Staple Baby - 30G,gid://shopify/Product/15547026341961
HIK01106,KEEP,gid://shopify/Product/15547026341961,ACTIVE,Hikari,0,Y,Hikari Goldfish Staple Baby,gid://shopify/Product/15547026341961
HIK01270,ARCHIVE,gid://shopify/Product/15544925683785,ARCHIVED,Aqua Cube,0,Y,Hikari Staple Mini - 2Kg,gid://shopify/Product/15547026276425
HIK01270,KEEP,gid://shopify/Product/15547026276425,ACTIVE,Hikari,0,Y,Hikari Staple Mini,gid://shopify/Product/15547026276425
HIK01370,ARCHIVE,gid://shopify/Product/15544926011465,ARCHIVED,Aqua Cube,0,Y,Hikari Staple Medium - 2Kg,gid://shopify/Product/15547026538569
HIK01370,KEEP,gid://shopify/Product/15547026538569,ACTIVE,Hikari,0,Y,Hikari Staple Medium,gid://shopify/Product/15547026538569
HIK01482,ARCHIVE,gid://shopify/Product/15544925814857,ARCHIVED,Aqua Cube,0,Y,Hikari Staple Large - 5Kg,gid://shopify/Product/15547026571337
HIK01482,KEEP,gid://shopify/Product/15547026571337,ACTIVE,Hikari,0,Y,Hikari Staple Large,gid://shopify/Product/15547026571337
HIK02282,ARCHIVE,gid://shopify/Product/15544926142537,ARCHIVED,Aqua Cube,0,Y,Hikari Gold Mini - 5Kg,gid://shopify/Product/15547027619913
HIK02282,KEEP,gid://shopify/Product/15547027619913,ACTIVE,Hikari,0,Y,Hikari Gold Mini,gid://shopify/Product/15547027619913
HIK02370,ARCHIVE,gid://shopify/Product/15544926208073,ARCHIVED,Aqua Cube,0,Y,Hikari Gold Medium - 2Kg,gid://shopify/Product/15547026309193
HIK02370,KEEP,gid://shopify/Product/15547026309193,ACTIVE,Hikari,0,Y,Hikari Gold Medium,gid://shopify/Product/15547026309193
HIK02482,ARCHIVE,gid://shopify/Product/15544926568521,ARCHIVED,Aqua Cube,0,Y,Hikari Gold Large - 5Kg,gid://shopify/Product/15547026604105
HIK02482,KEEP,gid://shopify/Product/15547026604105,ACTIVE,Hikari,0,Y,Hikari Gold Large,gid://shopify/Product/15547026604105
HIK03211,ARCHIVE,gid://shopify/Product/15544897372233,ARCHIVED,Aqua Cube,0,Y,Hikari Cichlid Staple Mini - 57G,gid://shopify/Product/15547026899017
HIK03211,KEEP,gid://shopify/Product/15547026899017,ACTIVE,Hikari,0,Y,Hikari Cichlid Staple Mini,gid://shopify/Product/15547026899017
HIK04111,ARCHIVE,gid://shopify/Product/15544897142857,ARCHIVED,Aqua Cube,0,Y,Hikari Cichlid Gold Baby - 57G,gid://shopify/Product/15547026931785
HIK04111,KEEP,gid://shopify/Product/15547026931785,ACTIVE,Hikari,0,Y,Hikari Cichlid Gold Baby,gid://shopify/Product/15547026931785
HIK04211,ARCHIVE,gid://shopify/Product/15544897175625,ARCHIVED,Aqua Cube,0,Y,Hikari Cichlid Gold Mini - 57G,gid://shopify/Product/15547026964553
HIK04211,KEEP,gid://shopify/Product/15547026964553,ACTIVE,Hikari,0,Y,Hikari Cichlid Gold Mini,gid://shopify/Product/15547026964553
HIK04311,ARCHIVE,gid://shopify/Product/15544897208393,ARCHIVED,Aqua Cube,0,Y,Hikari Cichlid Gold Medium - 57G,gid://shopify/Product/15547026997321
HIK04311,KEEP,gid://shopify/Product/15547026997321,ACTIVE,Hikari,0,Y,Hikari Cichlid Gold Medium,gid://shopify/Product/15547026997321
HIK04720,ARCHIVE,gid://shopify/Product/15544897634377,ARCHIVED,Aqua Cube,0,Y,Hikari Sinking Cichlid Medium - 100G,gid://shopify/Product/15547027030089
HIK04720,KEEP,gid://shopify/Product/15547027030089,ACTIVE,Hikari,0,Y,Hikari Sinking Cichlid Medium,gid://shopify/Product/15547027030089
HIK05220,ARCHIVE,gid://shopify/Product/15544897241161,ARCHIVED,Aqua Cube,0,Y,Hikari Lionhead Mini - 100G,gid://shopify/Product/15547026800713
HIK05220,KEEP,gid://shopify/Product/15547026800713,ACTIVE,Hikari,0,Y,Hikari Lionhead Mini,gid://shopify/Product/15547026800713
HIK05620,ARCHIVE,gid://shopify/Product/15544897273929,ARCHIVED,Aqua Cube,0,Y,Hikari Oranda Gold Mini - 100G,gid://shopify/Product/15547026833481
HIK05620,KEEP,gid://shopify/Product/15547026833481,ACTIVE,Hikari,0,Y,Hikari Oranda Gold Mini,gid://shopify/Product/15547026833481
HIK06220,ARCHIVE,gid://shopify/Product/15544926601289,ARCHIVED,Aqua Cube,0,Y,Hikari Wheat Germ Mini - 100G,gid://shopify/Product/15547027652681
HIK06220,KEEP,gid://shopify/Product/15547027652681,ACTIVE,Hikari,0,Y,Hikari Wheat Germ Mini,gid://shopify/Product/15547027652681
HIK14211,ARCHIVE,gid://shopify/Product/15544897667145,ARCHIVED,Aqua Cube,0,Y,Hikari Cichlid Excel Mini - 57G,gid://shopify/Product/15547027062857
HIK14211,KEEP,gid://shopify/Product/15547027062857,ACTIVE,Hikari,0,Y,Hikari Cichlid Excel Mini,gid://shopify/Product/15547027062857
HIK14311,ARCHIVE,gid://shopify/Product/15544897699913,ARCHIVED,Aqua Cube,0,Y,Hikari Cichlid Excel Medium - 57Gr,gid://shopify/Product/15547027095625
HIK14311,KEEP,gid://shopify/Product/15547027095625,ACTIVE,Hikari,0,Y,Hikari Cichlid Excel Medium,gid://shopify/Product/15547027095625
HIK14620,ARCHIVE,gid://shopify/Product/15544897732681,ARCHIVED,Aqua Cube,0,Y,Hikari Sinking Cichlid Excel Mini - 100G,gid://shopify/Product/15547027128393
HIK14620,KEEP,gid://shopify/Product/15547027128393,ACTIVE,Hikari,0,Y,Hikari Sinking Cichlid Excel Mini,gid://shopify/Product/15547027128393
HIK19101,ARCHIVE,gid://shopify/Product/15544898158665,ARCHIVED,Aqua Cube,0,Y,Hikari Betta Gold Baby - 2.5G,gid://shopify/Product/15547026374729
HIK19101,KEEP,gid://shopify/Product/15547026374729,ACTIVE,Hikari,0,Y,Hikari Betta Gold Baby,gid://shopify/Product/15547026374729
HIK21108,ARCHIVE,gid://shopify/Product/15544899010633,ARCHIVED,Aqua Cube,0,Y,Hikari Tropical Micro - 45G,gid://shopify/Product/15547027226697
HIK21108,KEEP,gid://shopify/Product/15547027226697,ACTIVE,Hikari,0,Y,Hikari Tropical Micro,gid://shopify/Product/15547027226697
HIK21202,ARCHIVE,gid://shopify/Product/15544899043401,ARCHIVED,Aqua Cube,0,Y,Hikari Tropical Micro Wafers - 20G,gid://shopify/Product/15547027259465
HIK21202,KEEP,gid://shopify/Product/15547027259465,ACTIVE,Hikari,0,Y,Hikari Tropical Micro Wafers,gid://shopify/Product/15547027259465
HIK21316,ARCHIVE,gid://shopify/Product/15544899108937,ARCHIVED,Aqua Cube,0,Y,Hikari Tropical Algae Wafers - 82G,gid://shopify/Product/15547027292233
HIK21316,KEEP,gid://shopify/Product/15547027292233,ACTIVE,Hikari,0,Y,Hikari Tropical Algae Wafers,gid://shopify/Product/15547027292233
HIK21503,ARCHIVE,gid://shopify/Product/15544899174473,ARCHIVED,Aqua Cube,0,Y,Hikari Tropical Sinking Wafers - 25G,gid://shopify/Product/15547026407497
HIK21503,KEEP,gid://shopify/Product/15547026407497,ACTIVE,Hikari,0,Y,Hikari Tropical Sinking Wafers,gid://shopify/Product/15547026407497
HIK21628,ARCHIVE,gid://shopify/Product/15544898060361,ARCHIVED,Aqua Cube,0,Y,Hikari Tropical Jumbo Carnisticks - 182G,gid://shopify/Product/15547027161161
HIK21628,KEEP,gid://shopify/Product/15547027161161,ACTIVE,Hikari,0,Y,Hikari Tropical Jumbo Carnisticks,gid://shopify/Product/15547027161161
HIK21711,ARCHIVE,gid://shopify/Product/15544898256969,ARCHIVED,Aqua Cube,0,Y,Hikari Tropical Food Sticks - 57G,gid://shopify/Product/15547027193929
HIK21711,KEEP,gid://shopify/Product/15547027193929,ACTIVE,Hikari,0,Y,Hikari Tropical Food Sticks,gid://shopify/Product/15547027193929
HIK25266,ARCHIVE,gid://shopify/Product/15544898945097,ARCHIVED,Aqua Cube,0,Y,Hikari Marine - Marine S - 1Kg,gid://shopify/Product/15547027325001
HIK25266,KEEP,gid://shopify/Product/15547027325001,ACTIVE,Hikari,0,Y,Hikari Marine - Marine S,gid://shopify/Product/15547027325001
HIK25321,ARCHIVE,gid://shopify/Product/15544899305545,ARCHIVED,Aqua Cube,0,Y,Hikari Marine Seaweed Extreme Med - 90G,gid://shopify/Product/15547027357769
HIK25321,KEEP,gid://shopify/Product/15547027357769,ACTIVE,Hikari,0,Y,Hikari Marine Seaweed Extreme Med,gid://shopify/Product/15547027357769
HIK33201,ARCHIVE,gid://shopify/Product/15544899600457,ARCHIVED,Aqua Cube,0,Y,Hikari Freeze Dried Blood Worms - 12G,gid://shopify/Product/15547027390537
HIK33201,KEEP,gid://shopify/Product/15547027390537,ACTIVE,Hikari,0,Y,Hikari Freeze Dried Blood Worms,gid://shopify/Product/15547027390537
HIK33403,ARCHIVE,gid://shopify/Product/15544900157513,ARCHIVED,Aqua Cube,0,Y,Hikari Freeze Dried Krill - 20G,gid://shopify/Product/15547027423305
HIK33403,KEEP,gid://shopify/Product/15547027423305,ACTIVE,Hikari,0,Y,Hikari Freeze Dried Krill,gid://shopify/Product/15547027423305
HIK33502,ARCHIVE,gid://shopify/Product/15544900190281,ARCHIVED,Aqua Cube,0,Y,Hikari Freeze Dried Brine Shrimp - 12G,gid://shopify/Product/15547027456073
HIK33502,KEEP,gid://shopify/Product/15547027456073,ACTIVE,Hikari,0,Y,Hikari Freeze Dried Brine Shrimp,gid://shopify/Product/15547027456073
HIK33551,ARCHIVE,gid://shopify/Product/15544900223049,ARCHIVED,Aqua Cube,0,Y,Hikari Fd Spirulina Brineshrimp - 12G,gid://shopify/Product/15547027488841
HIK33551,KEEP,gid://shopify/Product/15547027488841,ACTIVE,Hikari,0,Y,Hikari Fd Spirulina Brineshrimp,gid://shopify/Product/15547027488841
HIK42056,ARCHIVE,gid://shopify/Product/15544896979017,ARCHIVED,Aqua Cube,0,Y,Hikari Saki Fancy Gold Colour - 1Kg,gid://shopify/Product/15547026866249
HIK42056,KEEP,gid://shopify/Product/15547026866249,ACTIVE,Hikari,0,Y,Hikari Saki Fancy Gold Colour,gid://shopify/Product/15547026866249
HTR0202,KEEP,gid://shopify/Product/15538249367625,DRAFT,Aqua Cube,0,Y,Akwa Dophin 25W Heater,gid://shopify/Product/15538249367625
HTR0202,ARCHIVE,gid://shopify/Product/15544891539529,DRAFT,Aqua Cube,0,Y,Dophin 25W Heater,gid://shopify/Product/15538249367625
HTR0205,KEEP,gid://shopify/Product/15538249400393,DRAFT,Aqua Cube,0,Y,Akwa Dophin 50W Heater,gid://shopify/Product/15538249400393
HTR0205,ARCHIVE,gid://shopify/Product/15544891834441,DRAFT,Aqua Cube,0,Y,Dophin 50W Heater,gid://shopify/Product/15538249400393
HTR0210,KEEP,gid://shopify/Product/15538249433161,DRAFT,Aqua Cube,0,Y,Akwa Dophin 100W Heater,gid://shopify/Product/15538249433161
HTR0210,ARCHIVE,gid://shopify/Product/15544891572297,DRAFT,Aqua Cube,0,Y,Dophin 100W Heater,gid://shopify/Product/15538249433161
HTR0215,KEEP,gid://shopify/Product/15538249465929,DRAFT,Aqua Cube,0,Y,Akwa Dophin 150W Heater 300mm,gid://shopify/Product/15538249465929
HTR0215,ARCHIVE,gid://shopify/Product/15544891867209,DRAFT,Aqua Cube,0,Y,Dophin 150W Heater - 300Mm (L),gid://shopify/Product/15538249465929
HTR0220,KEEP,gid://shopify/Product/15538249498697,DRAFT,Aqua Cube,0,Y,Akwa Dophin 200W Heater 310mm,gid://shopify/Product/15538249498697
HTR0220,ARCHIVE,gid://shopify/Product/15544891605065,DRAFT,Aqua Cube,0,Y,Dophin 200W Heater - 310Mm (L),gid://shopify/Product/15538249498697
HTR0230,KEEP,gid://shopify/Product/15538249531465,DRAFT,Aqua Cube,0,Y,Akwa Dophin 300W Heater 360mm,gid://shopify/Product/15538249531465
HTR0230,ARCHIVE,gid://shopify/Product/15544891899977,DRAFT,Aqua Cube,0,Y,Dophin 300W Heater - 360Mm (L),gid://shopify/Product/15538249531465
HTR0250,KEEP,gid://shopify/Product/15538249564233,DRAFT,Aqua Cube,0,Y,Akwa Dophin 500W Heater,gid://shopify/Product/15538249564233
HTR0250,ARCHIVE,gid://shopify/Product/15544891637833,DRAFT,Aqua Cube,0,Y,Dophin 500W Heater,gid://shopify/Product/15538249564233
HTR0600,KEEP,gid://shopify/Product/15538249597001,DRAFT,Aqua Cube,0,Y,Akwa SunSun XRB-600W Heater,gid://shopify/Product/15538249597001
HTR0600,ARCHIVE,gid://shopify/Product/15544891670601,DRAFT,Aqua Cube,0,Y,Sun Sun Heater Xrb-600 / 600W,gid://shopify/Product/15538249597001
HTR1000,ARCHIVE,gid://shopify/Product/15538249629769,DRAFT,Aqua Cube,0,Y,Akwa SunSun XRB-1000W Heater,gid://shopify/Product/15544891965513
HTR1000,KEEP,gid://shopify/Product/15544891965513,ACTIVE,Sun Sun,0,Y,Sun Sun Heater Xrb-1000 / 1000W,gid://shopify/Product/15544891965513
LED0010,KEEP,gid://shopify/Product/15538248450121,ACTIVE,Aqua Cube,0,Y,Akwa LED 5W White & Blue Light,gid://shopify/Product/15538248450121
LED0010,ARCHIVE,gid://shopify/Product/15544884789321,ACTIVE,Aqua Cube,0,Y,Led Light 5W (White & Blue),gid://shopify/Product/15538248450121
LED0011,KEEP,gid://shopify/Product/15538248482889,ACTIVE,Aqua Cube,0,Y,Akwa LED 5W Multi Colour Light,gid://shopify/Product/15538248482889
LED0011,ARCHIVE,gid://shopify/Product/15544884953161,ACTIVE,Aqua Cube,0,Y,Led Light 5W (Multi Colour),gid://shopify/Product/15538248482889
LED0080,ARCHIVE,gid://shopify/Product/15544889016393,ARCHIVED,Aqua Cube,0,Y,Led 80Cm - 55W (For Elegance),gid://shopify/Product/15547028439113
LED0080,KEEP,gid://shopify/Product/15547028439113,DRAFT,Aqua Cube,0,Y,Led - (For Elegance),gid://shopify/Product/15547028439113
LED0100,ARCHIVE,gid://shopify/Product/15544889311305,ARCHIVED,Aqua Cube,0,Y,Led 100Cm - 80W (For Elegance),gid://shopify/Product/15547028439113
LED0100,KEEP,gid://shopify/Product/15547028439113,DRAFT,Aqua Cube,0,Y,Led - (For Elegance),gid://shopify/Product/15547028439113
LED0105,KEEP,gid://shopify/Product/15538248515657,DRAFT,Aqua Cube,0,Y,Akwa Dophin Clamp LED Mini Tank,gid://shopify/Product/15538248515657
LED0105,ARCHIVE,gid://shopify/Product/15544885182537,DRAFT,Aqua Cube,0,N,Dophin Clamp Led-105 / Gt8003 Mini Tank,gid://shopify/Product/15538248515657
LED0120,ARCHIVE,gid://shopify/Product/15544889049161,ARCHIVED,Aqua Cube,0,Y,Led 120Cm - 95W (For Elegance),gid://shopify/Product/15547028439113
LED0120,KEEP,gid://shopify/Product/15547028439113,DRAFT,Aqua Cube,0,Y,Led - (For Elegance),gid://shopify/Product/15547028439113
LED0150,ARCHIVE,gid://shopify/Product/15544889344073,ARCHIVED,Aqua Cube,0,Y,Led 150Cm - 120W (For Elegance),gid://shopify/Product/15547028439113
LED0150,KEEP,gid://shopify/Product/15547028439113,DRAFT,Aqua Cube,0,Y,Led - (For Elegance),gid://shopify/Product/15547028439113
LED1088R,ARCHIVE,gid://shopify/Product/15538248548425,DRAFT,Aqua Cube,0,Y,Akwa Dophin LED-1088 RGB 35cm 12W,gid://shopify/Product/15544885248073
LED1088R,KEEP,gid://shopify/Product/15544885248073,ACTIVE,Dophin,0,Y,Dophin Led-1088 - Rgb - 35Cm / 12W,gid://shopify/Product/15544885248073
LED1089B,ARCHIVE,gid://shopify/Product/15538248581193,DRAFT,Aqua Cube,0,Y,Akwa Dophin LED-1089 BioLux 45cm 17W,gid://shopify/Product/15544885346377
LED1089B,KEEP,gid://shopify/Product/15544885346377,ACTIVE,Dophin,0,Y,Dophin Led-1089 - Bio Lux - 45Cm / 17W,gid://shopify/Product/15544885346377
LED1089M,ARCHIVE,gid://shopify/Product/15538248613961,DRAFT,Aqua Cube,0,Y,Akwa Dophin LED-1089 Marine 45cm 17W,gid://shopify/Product/15544885379145
LED1089M,KEEP,gid://shopify/Product/15544885379145,ACTIVE,Dophin,0,Y,Dophin Led-1089 - Marine - 45Cm / 17W,gid://shopify/Product/15544885379145
LED1089R,ARCHIVE,gid://shopify/Product/15538248646729,DRAFT,Aqua Cube,0,Y,Akwa Dophin LED-1089 RGB 45cm 17W,gid://shopify/Product/15544885411913
LED1089R,KEEP,gid://shopify/Product/15544885411913,ACTIVE,Dophin,0,Y,Dophin Led-1089 - Rgb - 45Cm / 17W,gid://shopify/Product/15544885411913
LED1090M,ARCHIVE,gid://shopify/Product/15538248679497,DRAFT,Aqua Cube,0,Y,Akwa Dophin LED-1090 Marine 60cm 20W,gid://shopify/Product/15544885444681
LED1090M,KEEP,gid://shopify/Product/15544885444681,ACTIVE,Dophin,0,Y,Dophin Led-1090 - Marine - 60Cm / 20W,gid://shopify/Product/15544885444681
LED1090R,ARCHIVE,gid://shopify/Product/15538248712265,DRAFT,Aqua Cube,0,Y,Akwa Dophin LED-1090 RGB 60cm 20W,gid://shopify/Product/15544885477449
LED1090R,KEEP,gid://shopify/Product/15544885477449,ACTIVE,Dophin,0,Y,Dophin Led-1090 - Rgb - 60Cm / 20W,gid://shopify/Product/15544885477449
LED41000BW,ARCHIVE,gid://shopify/Product/15538249334857,ARCHIVED,Aqua Cube,0,Y,Akwa Ocean Max LED T4-1000 Blue White 16.5W,gid://shopify/Product/15547028406345
LED41000BW,ARCHIVE,gid://shopify/Product/15544886493257,ARCHIVED,Aqua Cube,0,N,Led T4-1000 / Blue White - 16.5W,gid://shopify/Product/15547028406345
LED41000BW,KEEP,gid://shopify/Product/15547028406345,DRAFT,Aqua Cube,0,N,Led T4 1000,gid://shopify/Product/15547028406345
LED41000D,ARCHIVE,gid://shopify/Product/15544886263881,ARCHIVED,Aqua Cube,0,N,Led T4-1000 / Discoloration - 18W,gid://shopify/Product/15547028406345
LED41000D,KEEP,gid://shopify/Product/15547028406345,DRAFT,Aqua Cube,0,N,Led T4 1000,gid://shopify/Product/15547028406345
LED41000P,ARCHIVE,gid://shopify/Product/15544886231113,ARCHIVED,Aqua Cube,0,N,Led T4-1000 / Pink - 16.5W,gid://shopify/Product/15547028406345
LED41000P,KEEP,gid://shopify/Product/15547028406345,DRAFT,Aqua Cube,0,N,Led T4 1000,gid://shopify/Product/15547028406345
LED41000W,ARCHIVE,gid://shopify/Product/15538249302089,ARCHIVED,Aqua Cube,0,Y,Akwa Ocean Max LED T4-1000 White 16.5W,gid://shopify/Product/15547028406345
LED41000W,ARCHIVE,gid://shopify/Product/15544886460489,ARCHIVED,Aqua Cube,0,N,Led T4-1000 / White - 16.5W,gid://shopify/Product/15547028406345
LED41000W,KEEP,gid://shopify/Product/15547028406345,DRAFT,Aqua Cube,0,N,Led T4 1000,gid://shopify/Product/15547028406345
LED4200BW,ARCHIVE,gid://shopify/Product/15538248941641,ARCHIVED,Aqua Cube,0,Y,Akwa Ocean Max LED T4-200 Blue White 4W,gid://shopify/Product/15547028602953
LED4200BW,ARCHIVE,gid://shopify/Product/15544885641289,ARCHIVED,Aqua Cube,0,N,Led T4-200 / Blue White - 4W,gid://shopify/Product/15547028602953
LED4200BW,KEEP,gid://shopify/Product/15547028602953,DRAFT,Aqua Cube,0,N,Led T4 200,gid://shopify/Product/15547028602953
LED4200D,ARCHIVE,gid://shopify/Product/15544885870665,ARCHIVED,Aqua Cube,0,N,Led T4-200 / Discoloration - 5W,gid://shopify/Product/15547028602953
LED4200D,KEEP,gid://shopify/Product/15547028602953,DRAFT,Aqua Cube,0,N,Led T4 200,gid://shopify/Product/15547028602953
LED4200W,ARCHIVE,gid://shopify/Product/15538248908873,ARCHIVED,Aqua Cube,0,Y,Akwa Ocean Max LED T4-200 White 4W,gid://shopify/Product/15547028602953
LED4200W,ARCHIVE,gid://shopify/Product/15544885608521,ARCHIVED,Aqua Cube,0,N,Led T4-200 / White - 4W,gid://shopify/Product/15547028602953
LED4200W,KEEP,gid://shopify/Product/15547028602953,DRAFT,Aqua Cube,0,N,Led T4 200,gid://shopify/Product/15547028602953
LED4300BW,ARCHIVE,gid://shopify/Product/15538249007177,ARCHIVED,Aqua Cube,0,Y,Akwa Ocean Max LED T4-300 Blue White 6W,gid://shopify/Product/15547028635721
LED4300BW,ARCHIVE,gid://shopify/Product/15544885739593,ARCHIVED,Aqua Cube,0,N,Led T4-300 / Blue White - 6W,gid://shopify/Product/15547028635721
LED4300BW,KEEP,gid://shopify/Product/15547028635721,DRAFT,Aqua Cube,0,N,Led T4 300,gid://shopify/Product/15547028635721
LED4300D,ARCHIVE,gid://shopify/Product/15544885936201,ARCHIVED,Aqua Cube,0,N,Led T4-300 / Discoloration - 7W,gid://shopify/Product/15547028635721
LED4300D,KEEP,gid://shopify/Product/15547028635721,DRAFT,Aqua Cube,0,N,Led T4 300,gid://shopify/Product/15547028635721
LED4300W,ARCHIVE,gid://shopify/Product/15538248974409,ARCHIVED,Aqua Cube,0,Y,Akwa Ocean Max LED T4-300 White 6W,gid://shopify/Product/15547028635721
LED4300W,ARCHIVE,gid://shopify/Product/15544885674057,ARCHIVED,Aqua Cube,0,N,Led T4-300 / White - 6W,gid://shopify/Product/15547028635721
LED4300W,KEEP,gid://shopify/Product/15547028635721,DRAFT,Aqua Cube,0,N,Led T4 300,gid://shopify/Product/15547028635721
LED4400BW,ARCHIVE,gid://shopify/Product/15538249072713,ARCHIVED,Aqua Cube,0,Y,Akwa Ocean Max LED T4-400 Blue White 7.5W,gid://shopify/Product/15547028275273
LED4400BW,ARCHIVE,gid://shopify/Product/15544885805129,ARCHIVED,Aqua Cube,0,N,Led T4-400 / Blue White - 7.5W,gid://shopify/Product/15547028275273
LED4400BW,KEEP,gid://shopify/Product/15547028275273,DRAFT,Aqua Cube,0,N,Led T4 400,gid://shopify/Product/15547028275273
LED4400D,ARCHIVE,gid://shopify/Product/15544886001737,ARCHIVED,Aqua Cube,0,N,Led T4-400 / Discoloration - 8.5W,gid://shopify/Product/15547028275273
LED4400D,KEEP,gid://shopify/Product/15547028275273,DRAFT,Aqua Cube,0,N,Led T4 400,gid://shopify/Product/15547028275273
LED4400P,ARCHIVE,gid://shopify/Product/15544885968969,ARCHIVED,Aqua Cube,0,N,Led T4-400 / Pink - 7.5W,gid://shopify/Product/15547028275273
LED4400P,KEEP,gid://shopify/Product/15547028275273,DRAFT,Aqua Cube,0,N,Led T4 400,gid://shopify/Product/15547028275273
LED4400W,ARCHIVE,gid://shopify/Product/15538249039945,ARCHIVED,Aqua Cube,0,Y,Akwa Ocean Max LED T4-400 White 7.5W,gid://shopify/Product/15547028275273
LED4400W,ARCHIVE,gid://shopify/Product/15544885772361,ARCHIVED,Aqua Cube,0,N,Led T4-400 / White - 7.5W,gid://shopify/Product/15547028275273
LED4400W,KEEP,gid://shopify/Product/15547028275273,DRAFT,Aqua Cube,0,N,Led T4 400,gid://shopify/Product/15547028275273
LED4500BW,ARCHIVE,gid://shopify/Product/15538249138249,ARCHIVED,Aqua Cube,0,Y,Akwa Ocean Max LED T4-500 Blue White 8W,gid://shopify/Product/15547028308041
LED4500BW,ARCHIVE,gid://shopify/Product/15544886034505,ARCHIVED,Aqua Cube,0,N,Led T4-500 / Blue White - 8W,gid://shopify/Product/15547028308041
LED4500BW,KEEP,gid://shopify/Product/15547028308041,DRAFT,Aqua Cube,0,N,Led T4 500,gid://shopify/Product/15547028308041
LED4500D,ARCHIVE,gid://shopify/Product/15544886067273,ARCHIVED,Aqua Cube,0,N,Led T4-500 / Discoloration - 9.5W,gid://shopify/Product/15547028308041
LED4500D,KEEP,gid://shopify/Product/15547028308041,DRAFT,Aqua Cube,0,N,Led T4 500,gid://shopify/Product/15547028308041
LED4500P,ARCHIVE,gid://shopify/Product/15544886296649,ARCHIVED,Aqua Cube,0,N,Led T4-500 / Pink - 8W,gid://shopify/Product/15547028308041
LED4500P,KEEP,gid://shopify/Product/15547028308041,DRAFT,Aqua Cube,0,N,Led T4 500,gid://shopify/Product/15547028308041
LED4500W,ARCHIVE,gid://shopify/Product/15538249105481,ARCHIVED,Aqua Cube,0,Y,Akwa Ocean Max LED T4-500 White 8W,gid://shopify/Product/15547028308041
LED4500W,ARCHIVE,gid://shopify/Product/15544885837897,ARCHIVED,Aqua Cube,0,N,Led T4-500 / White - 8W,gid://shopify/Product/15547028308041
LED4500W,KEEP,gid://shopify/Product/15547028308041,DRAFT,Aqua Cube,0,N,Led T4 500,gid://shopify/Product/15547028308041
LED4600BW,ARCHIVE,gid://shopify/Product/15538249203785,ARCHIVED,Aqua Cube,0,Y,Akwa Ocean Max LED T4-600 Blue White 10W,gid://shopify/Product/15547028340809
LED4600BW,ARCHIVE,gid://shopify/Product/15544886362185,ARCHIVED,Aqua Cube,0,N,Led T4-600 / Blue White - 10W,gid://shopify/Product/15547028340809
LED4600BW,KEEP,gid://shopify/Product/15547028340809,DRAFT,Aqua Cube,0,N,Led T4 600,gid://shopify/Product/15547028340809
LED4600D,ARCHIVE,gid://shopify/Product/15544886132809,ARCHIVED,Aqua Cube,0,N,Led T4-600 / Discoloration - 11W,gid://shopify/Product/15547028340809
LED4600D,KEEP,gid://shopify/Product/15547028340809,DRAFT,Aqua Cube,0,N,Led T4 600,gid://shopify/Product/15547028340809
LED4600P,ARCHIVE,gid://shopify/Product/15544886100041,ARCHIVED,Aqua Cube,0,N,Led T4-600 / Pink - 10W,gid://shopify/Product/15547028340809
LED4600P,KEEP,gid://shopify/Product/15547028340809,DRAFT,Aqua Cube,0,N,Led T4 600,gid://shopify/Product/15547028340809
LED4600W,ARCHIVE,gid://shopify/Product/15538249171017,ARCHIVED,Aqua Cube,0,Y,Akwa Ocean Max LED T4-600 White 10W,gid://shopify/Product/15547028340809
LED4600W,ARCHIVE,gid://shopify/Product/15544886329417,ARCHIVED,Aqua Cube,0,N,Led T4-600 / White - 10W,gid://shopify/Product/15547028340809
LED4600W,KEEP,gid://shopify/Product/15547028340809,DRAFT,Aqua Cube,0,N,Led T4 600,gid://shopify/Product/15547028340809
LED4800BW,ARCHIVE,gid://shopify/Product/15538249269321,ARCHIVED,Aqua Cube,0,Y,Akwa Ocean Max LED T4-800 Blue White 13.6W,gid://shopify/Product/15547028373577
LED4800BW,ARCHIVE,gid://shopify/Product/15544886394953,ARCHIVED,Aqua Cube,0,N,Led T4-800 / Blue White - 13.6W,gid://shopify/Product/15547028373577
LED4800BW,KEEP,gid://shopify/Product/15547028373577,DRAFT,Aqua Cube,0,N,Led T4 800,gid://shopify/Product/15547028373577
LED4800D,ARCHIVE,gid://shopify/Product/15544886198345,ARCHIVED,Aqua Cube,0,N,Led T4-800 / Discoloration - 15W,gid://shopify/Product/15547028373577
LED4800D,KEEP,gid://shopify/Product/15547028373577,DRAFT,Aqua Cube,0,N,Led T4 800,gid://shopify/Product/15547028373577
LED4800P,ARCHIVE,gid://shopify/Product/15544886427721,ARCHIVED,Aqua Cube,0,N,Led T4-800 / Pink - 13.6W,gid://shopify/Product/15547028373577
LED4800P,KEEP,gid://shopify/Product/15547028373577,DRAFT,Aqua Cube,0,N,Led T4 800,gid://shopify/Product/15547028373577
LED4800W,ARCHIVE,gid://shopify/Product/15538249236553,ARCHIVED,Aqua Cube,0,Y,Akwa Ocean Max LED T4-800 White 13.6W,gid://shopify/Product/15547028373577
LED4800W,ARCHIVE,gid://shopify/Product/15544886165577,ARCHIVED,Aqua Cube,0,N,Led T4-800 / White - 13.6W,gid://shopify/Product/15547028373577
LED4800W,KEEP,gid://shopify/Product/15547028373577,DRAFT,Aqua Cube,0,N,Led T4 800,gid://shopify/Product/15547028373577
PW14571,ARCHIVE,gid://shopify/Product/15544937349193,ARCHIVED,Aqua Cube,0,Y,Pawise Flex Giggle Tpr Ball - 7Cm,gid://shopify/Product/15547029061705
PW14571,KEEP,gid://shopify/Product/15547029061705,ACTIVE,Aqua Cube,0,Y,Pawise Flex Giggle Tpr Ball,gid://shopify/Product/15547029061705
PW14572,ARCHIVE,gid://shopify/Product/15544937513033,ARCHIVED,Aqua Cube,0,Y,Pawise Flex Giggle Tpr Ball - 9Cm,gid://shopify/Product/15547029061705
PW14572,KEEP,gid://shopify/Product/15547029061705,ACTIVE,Aqua Cube,0,Y,Pawise Flex Giggle Tpr Ball,gid://shopify/Product/15547029061705
SF0413,ARCHIVE,gid://shopify/Product/15544896258121,ARCHIVED,Aqua Cube,0,Y,Soldier Fly Larvae Fish Crumble 60G,gid://shopify/Product/15547026735177
SF0413,KEEP,gid://shopify/Product/15547026735177,ACTIVE,Aqua Cube,0,Y,Soldier Fly Larvae Fish Crumble,gid://shopify/Product/15547026735177
SOBO-HC100W,ARCHIVE,gid://shopify/Product/15546920665161,ARCHIVED,Aqua Cube,10,Y,Sobo HC-100W Stainless Steel Heater,gid://shopify/Product/15547026636873
SOBO-HC100W,KEEP,gid://shopify/Product/15547026636873,ACTIVE,Sobo,0,Y,Sobo HC- Stainless Steel Heater,gid://shopify/Product/15547026636873
SY-KHN30,ARCHIVE,gid://shopify/Product/15546915160137,ARCHIVED,Aqua Cube,10,Y,Koi Handling Net 30cm/50cm Handle,gid://shopify/Product/15547029094473
SY-KHN30,KEEP,gid://shopify/Product/15547029094473,ACTIVE,Aqua Cube,0,Y,Koi Handling Net 50cm Handle,gid://shopify/Product/15547029094473
SY-KHN40,ARCHIVE,gid://shopify/Product/15546915192905,ARCHIVED,Aqua Cube,10,Y,Koi Handling Net 40cm/50cm Handle,gid://shopify/Product/15547029094473
SY-KHN40,KEEP,gid://shopify/Product/15547029094473,ACTIVE,Aqua Cube,0,Y,Koi Handling Net 50cm Handle,gid://shopify/Product/15547029094473
