product_id,sku,status,vendor,title,scope,proposed_department,proposed_collection_tags,confidence,action
15546913161289,SY-ABS6,DRAFT,Aqua Cube,ABS Clips Glass Lid 6mm 4PCS,Aquarium,Aquarium Accessories,Collection: Aquarium Accessories,med,remove 'Collection: Equipment'; add: Collection: Aquarium Accessories
15546913194057,SY-ABS8,DRAFT,Aqua Cube,ABS Clips Glass Lid 8mm 4PCS,Aquarium,Aquarium Accessories,Collection: Aquarium Accessories,med,remove 'Collection: Equipment'; add: Collection: Aquarium Accessories
15544914608201,DYM0751,DRAFT,Aqua Cube,Dymax Gs-30 Lid,Aquarium,Aquarium Accessories,Collection: Aquarium Accessories,med,remove 'Collection: Equipment'; add: Collection: Aquarium Accessories
15544914247753,DYM0020,DRAFT,Aqua Cube,Dymax Iq Spray Bar,Aquarium,Aquarium Accessories,Collection: Aquarium Accessories,med,remove 'Collection: Equipment'; add: Collection: Aquarium Accessories
15544914182217,DYM0013,ACTIVE,Dymax,Dymax Iq3 Lid,Aquarium,Aquarium Accessories,Collection: Aquarium Accessories,med,remove 'Collection: Equipment'; add: Collection: Aquarium Accessories
15544914477129,DYM0014,ACTIVE,Dymax,Dymax Iq5 Lid,Aquarium,Aquarium Accessories,Collection: Aquarium Accessories,med,remove 'Collection: Equipment'; add: Collection: Aquarium Accessories
15544914575433,DYM0528,ACTIVE,Dymax,Dymax Iq7 Lid,Aquarium,Aquarium Accessories,Collection: Aquarium Accessories,med,remove 'Collection: Equipment'; add: Collection: Aquarium Accessories
15544914214985,DYM0152,DRAFT,Aqua Cube,Dymax Iq9 Lid,Aquarium,Aquarium Accessories,Collection: Aquarium Accessories,med,remove 'Collection: Equipment'; add: Collection: Aquarium Accessories
15538250154057,AQD8003,DRAFT,Aqua Cube,Akwa Dophin Mini Tank GT-8003 12L,Aquarium,Aquariums,Collection: Aquariums,med,remove 'Collection: Equipment'; add: Collection: Aquariums
15544914280521,DYM0002,ARCHIVED,Aqua Cube,Dymax Iq3 Mini Acrylic Aquarium - White,Aquarium,Aquariums,Collection: Aquariums,med,remove 'Collection: Equipment'; add: Collection: Aquariums
15544914018377,DYM0007,ACTIVE,Dymax,Dymax Iq5 Mini Acrylic Aquarium - Black (13L),Aquarium,Aquariums,Collection: Aquariums,med,remove 'Collection: Equipment'; add: Collection: Aquariums
15544914051145,DYM0385,ARCHIVED,Aqua Cube,Dymax Iq7 Mini Acrylic Aquarium - White 18L,Aquarium,Aquariums,Collection: Aquariums,med,remove 'Collection: Equipment'; add: Collection: Aquariums
15547029028937,,ACTIVE,Dymax,Dymax Iq7 Mini Acrylic Aquarium 18L,Aquarium,Aquariums,Collection: Aquariums,med,remove 'Collection: Equipment'; add: Collection: Aquariums
15544914313289,DYM0384,ARCHIVED,Aqua Cube,Dymax Iq7 Mini Acrylic Aquarium-Black - 18L,Aquarium,Aquariums,Collection: Aquariums,med,remove 'Collection: Equipment'; add: Collection: Aquariums
15546934493257,AQP-ATO-PRO,DRAFT,Aqua Cube,Aquapro Water Level Auto Top-Off Pro,Aquarium,Auto Top-Off,Collection: Aquarium Accessories,med,remove 'Collection: Equipment'; add: Collection: Aquarium Accessories
15546934460489,AQP-ATO-REG,DRAFT,Aqua Cube,Aquapro Water Level Auto Top-Off Regular,Aquarium,Auto Top-Off,Collection: Aquarium Accessories,med,remove 'Collection: Equipment'; add: Collection: Aquarium Accessories
15544911495241,HYG0987,DRAFT,Aqua Cube,Hygger Auto Top System - Hg987,Aquarium,Auto Top-Off,Collection: Aquarium Accessories,med,remove 'Collection: Equipment'; add: Collection: Aquarium Accessories
15544910118985,CFD0875,DRAFT,Aqua Cube,Diffuser Dolphin C-1000 / C-1300 / C-1600,Aquarium,CO₂ Diffusors,Collection: CO₂ Diffusors,med,remove 'Collection: Equipment'; add: Collection: CO₂ Diffusors
15544909955145,CFD0865,DRAFT,Aqua Cube,Diffuser Dolphin C-500 / C-700,Aquarium,CO₂ Diffusors,Collection: CO₂ Diffusors,med,remove 'Collection: Equipment'; add: Collection: CO₂ Diffusors
15544916017225,DYM0589,ACTIVE,Dymax,Dymax Ceramic Disc S/S Diffuser 24Mm,Aquarium,CO₂ Diffusors,Collection: CO₂ Diffusors,med,remove 'Collection: Equipment'; add: Collection: CO₂ Diffusors
15544915820617,DYM0590,ACTIVE,Dymax,Dymax Ceramic Disc S/S Diffuser 36Mm,Aquarium,CO₂ Diffusors,Collection: CO₂ Diffusors,med,remove 'Collection: Equipment'; add: Collection: CO₂ Diffusors
15544902418505,DM0601,ACTIVE,Dophin,Dophin Anti-Chlorine 200Ml - # 1,Aquarium,Dechlorinators,Collection: Dechlorinators; Collection: Water Treatment,high,remove 'Collection: Equipment'; add: Collection: Dechlorinators; Collection: Water Treatment
15538250055753,AFM0106,DRAFT,Aqua Cube,Akwa Ceramic Noodles 1L,Aquarium,Filter Media / Filtration,Collection: Filter Media,med,remove 'Collection: Equipment'; add: Collection: Filter Media
15538250022985,AFM0105,DRAFT,Aqua Cube,Akwa Ceramic Noodles 500ml,Aquarium,Filter Media / Filtration,Collection: Filter Media,med,remove 'Collection: Equipment'; add: Collection: Filter Media
15544907497545,IFC0602,DRAFT,Aqua Cube,Dophin Cartridge Fc-602,Aquarium,Filter Media / Filtration,Collection: Filter Media,med,remove 'Collection: Equipment'; add: Collection: Filter Media
15544907530313,IFC0603,DRAFT,Aqua Cube,Dophin Cartridge Fc-603,Aquarium,Filter Media / Filtration,Collection: Filter Media,med,remove 'Collection: Equipment'; add: Collection: Filter Media
15544907563081,IFC0604,DRAFT,Aqua Cube,Dophin Cartridge Fc-604,Aquarium,Filter Media / Filtration,Collection: Filter Media,med,remove 'Collection: Equipment'; add: Collection: Filter Media
15544907300937,SF0015,DRAFT,Aqua Cube,Dophin Nano Sponge Sf-15,Aquarium,Filter Media / Filtration,Collection: Filter Media,med,remove 'Collection: Equipment'; add: Collection: Filter Media
15544909168713,CFD0894,DRAFT,Aqua Cube,Valve Base Dophin - Cf12008,Aquarium,Filter Media / Filtration,Collection: Filter Media,med,remove 'Collection: Equipment'; add: Collection: Filter Media
15544908873801,CFD0895,DRAFT,Aqua Cube,Valve Base Dophin - Cf12308,Aquarium,Filter Media / Filtration,Collection: Filter Media,med,remove 'Collection: Equipment'; add: Collection: Filter Media
15544909201481,CFD0896,DRAFT,Aqua Cube,Valve Base Dophin - Cf12508,Aquarium,Filter Media / Filtration,Collection: Filter Media,med,remove 'Collection: Equipment'; add: Collection: Filter Media
15544900485193,DYM1014,DRAFT,Aqua Cube,Betta Glory 10G (24Pcs) - Dm557,Aquarium,Fish Food,Collection: Fish Food,high,remove 'Collection: Equipment'; add: Collection: Fish Food
15544900747337,DYM1013,DRAFT,Aqua Cube,Betta Glory 10G (6Pcs),Aquarium,Fish Food,Collection: Fish Food,high,remove 'Collection: Equipment'; add: Collection: Fish Food
15544900780105,DYM1015,DRAFT,Aqua Cube,Betta Glory 40G - Dm456,Aquarium,Fish Food,Collection: Fish Food,high,remove 'Collection: Equipment'; add: Collection: Fish Food
15544901369929,DYM1047,DRAFT,Aqua Cube,Discus Gold 170G - Dm457,Aquarium,Fish Food,Collection: Fish Food,high,remove 'Collection: Equipment'; add: Collection: Fish Food
15544901075017,DYM1048,DRAFT,Aqua Cube,Discus Gold 540G - Dm458,Aquarium,Fish Food,Collection: Fish Food,high,remove 'Collection: Equipment'; add: Collection: Fish Food
15544901042249,DYM1046,DRAFT,Aqua Cube,Discus Gold 60G - Dm215,Aquarium,Fish Food,Collection: Fish Food,high,remove 'Collection: Equipment'; add: Collection: Fish Food
15544902058057,DYM1106,DRAFT,Aqua Cube,Goldfish Flakes Excel 20G - Dm559,Aquarium,Fish Food,Collection: Fish Food; Collection: Flakes,high,remove 'Collection: Equipment'; add: Collection: Fish Food; Collection: Flakes
15544901763145,DYM1107,DRAFT,Aqua Cube,Goldfish Flakes Excel 50G - Dm560,Aquarium,Fish Food,Collection: Fish Food; Collection: Flakes,high,remove 'Collection: Equipment'; add: Collection: Fish Food; Collection: Flakes
15544902189129,DYM1207,DRAFT,Aqua Cube,Marine Superior 160G - Dm542,Aquarium,Fish Food,Collection: Fish Food,high,remove 'Collection: Equipment'; add: Collection: Fish Food
15544901861449,DYM1208,DRAFT,Aqua Cube,Marine Superior 560G - Dm543,Aquarium,Fish Food,Collection: Fish Food,high,remove 'Collection: Equipment'; add: Collection: Fish Food
15544901828681,DYM1206,DRAFT,Aqua Cube,Marine Superior 60G - Dm541,Aquarium,Fish Food,Collection: Fish Food,high,remove 'Collection: Equipment'; add: Collection: Fish Food
15544901959753,DYM1071,DRAFT,Aqua Cube,Massive Achieve - 520G - Dm467,Aquarium,Fish Food,Collection: Fish Food,high,remove 'Collection: Equipment'; add: Collection: Fish Food
15544901664841,DYM1072,DRAFT,Aqua Cube,Massive Achieve 1.2Kg - Dm529,Aquarium,Fish Food,Collection: Fish Food,high,remove 'Collection: Equipment'; add: Collection: Fish Food
15544901632073,DYM1070,DRAFT,Aqua Cube,Massive Achieve 160G - Dm466,Aquarium,Fish Food,Collection: Fish Food,high,remove 'Collection: Equipment'; add: Collection: Fish Food
15544885117001,ATC0855,ARCHIVED,Aqua Cube,"Aim 14"" 10W Marine Blue Moon (Coral Lux)",Aquarium,Lighting,Collection: Lighting,med,remove 'Collection: Equipment'; add: Collection: Lighting
15544885215305,ATC0856,ARCHIVED,Aqua Cube,"Aim 18"" 15W Marine Blue Moon (Coral Lux)",Aquarium,Lighting,Collection: Lighting,med,remove 'Collection: Equipment'; add: Collection: Lighting
15544885149769,ATC0858,ARCHIVED,Aqua Cube,"Aim 36"" 30W Marine Blue Moon (Coral Lux)",Aquarium,Lighting,Collection: Lighting,med,remove 'Collection: Equipment'; add: Collection: Lighting
15546933313609,AQP-TOOL-PCM,DRAFT,Aqua Cube,Aquapro Tools Holder PC-M,Aquarium,Maintenance & Scaping Tools,Collection: Maintenance & Scaping Tools,high,remove 'Collection: Equipment'; add: Collection: Maintenance & Scaping Tools
15544916377673,DYM0767,ACTIVE,Dymax,Dymax Aquascaping Tools Holder 6Mm,Aquarium,Maintenance & Scaping Tools,Collection: Maintenance & Scaping Tools,high,remove 'Collection: Equipment'; add: Collection: Maintenance & Scaping Tools
15544916574281,DYM0768,ACTIVE,Dymax,Dymax Aquascaping Tools Holder 8Mm,Aquarium,Maintenance & Scaping Tools,Collection: Maintenance & Scaping Tools,high,remove 'Collection: Equipment'; add: Collection: Maintenance & Scaping Tools
15547028734025,,ACTIVE,Dymax,Dymax Composeal,Aquarium,Maintenance & Scaping Tools,Collection: Maintenance & Scaping Tools,high,remove 'Collection: Equipment'; add: Collection: Maintenance & Scaping Tools
15547027587145,,ACTIVE,Aqua Cube,Dymax Composeal Beige,Aquarium,Maintenance & Scaping Tools,Collection: Maintenance & Scaping Tools,high,remove 'Collection: Equipment'; add: Collection: Maintenance & Scaping Tools
15544918048841,DYM0217,ARCHIVED,Aqua Cube,Dymax Composeal Beige 25G,Aquarium,Maintenance & Scaping Tools,Collection: Maintenance & Scaping Tools,high,remove 'Collection: Equipment'; add: Collection: Maintenance & Scaping Tools
15544918310985,DYM0158,ARCHIVED,Aqua Cube,Dymax Composeal Beige 50G,Aquarium,Maintenance & Scaping Tools,Collection: Maintenance & Scaping Tools,high,remove 'Collection: Equipment'; add: Collection: Maintenance & Scaping Tools
15547027554377,,ACTIVE,Aqua Cube,Dymax Composeal Brown,Aquarium,Maintenance & Scaping Tools,Collection: Maintenance & Scaping Tools,high,remove 'Collection: Equipment'; add: Collection: Maintenance & Scaping Tools
15544918278217,DYM0175,ARCHIVED,Aqua Cube,Dymax Composeal Brown 25G,Aquarium,Maintenance & Scaping Tools,Collection: Maintenance & Scaping Tools,high,remove 'Collection: Equipment'; add: Collection: Maintenance & Scaping Tools
15544918016073,DYM0174,ARCHIVED,Aqua Cube,Dymax Composeal Brown 50G,Aquarium,Maintenance & Scaping Tools,Collection: Maintenance & Scaping Tools,high,remove 'Collection: Equipment'; add: Collection: Maintenance & Scaping Tools
15547027521609,,ARCHIVED,Aqua Cube,Dymax Composeal Dark Grey,Aquarium,Maintenance & Scaping Tools,Collection: Maintenance & Scaping Tools,high,remove 'Collection: Equipment'; add: Collection: Maintenance & Scaping Tools
15544918245449,DYM0173,ARCHIVED,Aqua Cube,Dymax Composeal Dark Grey 25G,Aquarium,Maintenance & Scaping Tools,Collection: Maintenance & Scaping Tools,high,remove 'Collection: Equipment'; add: Collection: Maintenance & Scaping Tools
15544917983305,DYM0172,ARCHIVED,Aqua Cube,Dymax Composeal Dark Grey 50G,Aquarium,Maintenance & Scaping Tools,Collection: Maintenance & Scaping Tools,high,remove 'Collection: Equipment'; add: Collection: Maintenance & Scaping Tools
15544917164105,DYM0288,DRAFT,Aqua Cube,Dymax Coral Frag Cutter,Aquarium,Maintenance & Scaping Tools,Collection: Maintenance & Scaping Tools,high,remove 'Collection: Equipment'; add: Collection: Maintenance & Scaping Tools
15544916934729,DYM0289,DRAFT,Aqua Cube,Dymax Coral Snipper,Aquarium,Maintenance & Scaping Tools,Collection: Maintenance & Scaping Tools,high,remove 'Collection: Equipment'; add: Collection: Maintenance & Scaping Tools
15544915001417,DYM0159,ACTIVE,Dymax,Dymax Flora Gel Glue 20G,Aquarium,Maintenance & Scaping Tools,Collection: Maintenance & Scaping Tools,high,remove 'Collection: Equipment'; add: Collection: Maintenance & Scaping Tools
15544916279369,DYM0743,ACTIVE,Dymax,Dymax Flora Scaping Glue 20G (24Pcs),Aquarium,Maintenance & Scaping Tools,Collection: Maintenance & Scaping Tools,high,remove 'Collection: Equipment'; add: Collection: Maintenance & Scaping Tools
15544918081609,DYM0871,ACTIVE,Dymax,Dymax Marine Composeal Purple 25G,Aquarium,Maintenance & Scaping Tools,Collection: Maintenance & Scaping Tools,high,remove 'Collection: Equipment'; add: Collection: Maintenance & Scaping Tools
15544914772041,DYM0160,ACTIVE,Dymax,Dymax Reef Bond Gel 20G,Aquarium,Maintenance & Scaping Tools,Collection: Maintenance & Scaping Tools,high,remove 'Collection: Equipment'; add: Collection: Maintenance & Scaping Tools
15544915918921,DYM0678,ACTIVE,Dymax,Dymax Scaping Spray Adhesive 400G,Aquarium,Maintenance & Scaping Tools,Collection: Maintenance & Scaping Tools,high,remove 'Collection: Equipment'; add: Collection: Maintenance & Scaping Tools
15544911331401,HYG0965,DRAFT,Aqua Cube,Hygger Black S/Steel Tool Set - Hg965,Aquarium,Maintenance & Scaping Tools,Collection: Maintenance & Scaping Tools,high,remove 'Collection: Equipment'; add: Collection: Maintenance & Scaping Tools
15547026014281,,ACTIVE,Maxspect,Maxspect Coral Putty 120g,Aquarium,Maintenance & Scaping Tools,Collection: Maintenance & Scaping Tools,high,remove 'Collection: Equipment'; add: Collection: Maintenance & Scaping Tools
15547026047049,,ACTIVE,Maxspect,Maxspect PCT-TZ Coral Tweezers,Aquarium,Maintenance & Scaping Tools,Collection: Maintenance & Scaping Tools,high,remove 'Collection: Equipment'; add: Collection: Maintenance & Scaping Tools
15544892424265,AA0537,ACTIVE,Dophin,Dophin Blade With Plastic Only,Aquarium,Maintenance / Plumbing,Collection: Maintenance & Scaping Tools,med,remove 'Collection: Equipment'; add: Collection: Maintenance & Scaping Tools
15544892194889,AA0538,ACTIVE,Dophin,Dophin Pad With Plastic Only,Aquarium,Maintenance / Plumbing,Collection: Maintenance & Scaping Tools,med,remove 'Collection: Equipment'; add: Collection: Maintenance & Scaping Tools
15544915394633,DYM0486,ACTIVE,Dymax,Dymax Mini Mag - Iq,Aquarium,Maintenance / Plumbing,Collection: Maintenance & Scaping Tools,med,remove 'Collection: Equipment'; add: Collection: Maintenance & Scaping Tools
15544915329097,DYM0372,ACTIVE,Dymax,Dymax Mini Vac,Aquarium,Maintenance / Plumbing,Collection: Maintenance & Scaping Tools,med,remove 'Collection: Equipment'; add: Collection: Maintenance & Scaping Tools
15544915984457,DYM0703,ACTIVE,Dymax,Dymax Silicone Al Tubing 4Mm (200M),Aquarium,Maintenance / Plumbing,Collection: Maintenance & Scaping Tools,med,remove 'Collection: Equipment'; add: Collection: Maintenance & Scaping Tools
15544916344905,DYM0765,DRAFT,Aqua Cube,Dymax Stainless U Pipe 12Mm,Aquarium,Maintenance / Plumbing,Collection: Maintenance & Scaping Tools,med,remove 'Collection: Equipment'; add: Collection: Maintenance & Scaping Tools
15544916541513,DYM0766,DRAFT,Aqua Cube,Dymax Stainless U Pipe 15Mm,Aquarium,Maintenance / Plumbing,Collection: Maintenance & Scaping Tools,med,remove 'Collection: Equipment'; add: Collection: Maintenance & Scaping Tools
15544916967497,DYM0019,DRAFT,Aqua Cube,Dymax Synthetic Cleaning Cloth,Aquarium,Maintenance / Plumbing,Collection: Maintenance & Scaping Tools,med,remove 'Collection: Equipment'; add: Collection: Maintenance & Scaping Tools
15546915225673,SY-HH,DRAFT,Aqua Cube,Hose Holder,Aquarium,Maintenance / Plumbing,Collection: Maintenance & Scaping Tools,med,remove 'Collection: Equipment'; add: Collection: Maintenance & Scaping Tools
15546929086537,MFHH-2P,DRAFT,Aqua Cube,Multi-Function Hose Holder 2pcs,Aquarium,Maintenance / Plumbing,Collection: Maintenance & Scaping Tools,med,remove 'Collection: Equipment'; add: Collection: Maintenance & Scaping Tools
15546932166729,QV-K1216,DRAFT,Aqua Cube,Qanvee K-12/16 Quick Release 12/16mm,Aquarium,Maintenance / Plumbing,Collection: Maintenance & Scaping Tools,med,remove 'Collection: Equipment'; add: Collection: Maintenance & Scaping Tools
15546932199497,QV-K1622,DRAFT,Aqua Cube,Qanvee K-16/22 Quick Release 16/22mm,Aquarium,Maintenance / Plumbing,Collection: Maintenance & Scaping Tools,med,remove 'Collection: Equipment'; add: Collection: Maintenance & Scaping Tools
15546934394953,SUS304-MI-16,DRAFT,Aqua Cube,SUS304 Mini Inflow Pro 16mm-30cm,Aquarium,Maintenance / Plumbing,Collection: Maintenance & Scaping Tools,med,remove 'Collection: Equipment'; add: Collection: Maintenance & Scaping Tools
15546934427721,SUS304-MO-16,DRAFT,Aqua Cube,SUS304 Mini Outflow Pro 16mm,Aquarium,Maintenance / Plumbing,Collection: Maintenance & Scaping Tools,med,remove 'Collection: Equipment'; add: Collection: Maintenance & Scaping Tools
15546928300105,SF-SCC-AT,DRAFT,Superfish,Superfish 5pcs Suction Cup Clips 6mm Airtube,Aquarium,Maintenance / Plumbing,Collection: Maintenance & Scaping Tools,med,remove 'Collection: Equipment'; add: Collection: Maintenance & Scaping Tools
15544894586953,AA0520,ACTIVE,Aqua Cube,T - Pieces 50/Pack,Aquarium,Maintenance / Plumbing,Collection: Maintenance & Scaping Tools,med,remove 'Collection: Equipment'; add: Collection: Maintenance & Scaping Tools
15544902680649,AAB0072,ACTIVE,Aqua Cube,"Triple ""A"" Block 20G - 120L",Aquarium,Maintenance / Plumbing,Collection: Maintenance & Scaping Tools,med,remove 'Collection: Equipment'; add: Collection: Maintenance & Scaping Tools
15546934886473,WF9W1216,DRAFT,Aqua Cube,WF9-W1216 Sucker for 15-18mm Pipe,Aquarium,Maintenance / Plumbing,Collection: Maintenance & Scaping Tools,med,remove 'Collection: Equipment'; add: Collection: Maintenance & Scaping Tools
15544895176777,AA0525,ACTIVE,Aqua Cube,Y - Joint - 50/Pack,Aquarium,Maintenance / Plumbing,Collection: Maintenance & Scaping Tools,med,remove 'Collection: Equipment'; add: Collection: Maintenance & Scaping Tools
15546940391497,BT-SPS20,DRAFT,Aqua Cube,Blue Treasure SPS 20kg Bucket,Aquarium,Marine Salts,Collection: Marine Salts,med,remove 'Collection: Equipment'; add: Collection: Marine Salts
15546940915785,MAX-DENITREFILL5,DRAFT,Aqua Cube,Maxspect Denitrification Catalyst Refill (5pcs),Aquarium,Marine Salts,Collection: Marine Salts,med,remove 'Collection: Equipment'; add: Collection: Marine Salts
15544917622857,DYM0169,ACTIVE,Dymax,Dymax Ani White Spot 150Ml,Aquarium,Medications,Collection: Medications; Collection: Water Treatment,high,remove 'Collection: Equipment'; add: Collection: Medications; Collection: Water Treatment
15544917721161,DYM0171,ACTIVE,Dymax,Dymax Snail Eliminator 150Ml,Aquarium,Medications,Collection: Medications; Collection: Water Treatment,high,remove 'Collection: Equipment'; add: Collection: Medications; Collection: Water Treatment
15544917426249,DYM0069,ACTIVE,Dymax,Dymax Snail Eliminator 300Ml,Aquarium,Medications,Collection: Medications; Collection: Water Treatment,high,remove 'Collection: Equipment'; add: Collection: Medications; Collection: Water Treatment
15544920244297,NTL0514,ACTIVE,NT Labs,Ntl Aq Axocure - 100Ml,Aquarium,Medications,Collection: Medications; Collection: Water Treatment,high,remove 'Collection: Equipment'; add: Collection: Medications; Collection: Water Treatment
15544919949385,NTL0513,ACTIVE,NT Labs,Ntl Aq Axosafe - 100Ml,Aquarium,Medications,Collection: Medications; Collection: Water Treatment,high,remove 'Collection: Equipment'; add: Collection: Medications; Collection: Water Treatment
15544919982153,NTL0515,ACTIVE,NT Labs,Ntl Aq Axotonic - 500G,Aquarium,Medications,Collection: Medications; Collection: Water Treatment,high,remove 'Collection: Equipment'; add: Collection: Medications; Collection: Water Treatment
15544919294025,NTL0475,ACTIVE,NT Labs,Ntl Aq Disease Solve - 100Ml,Aquarium,Medications,Collection: Medications; Collection: Water Treatment,high,remove 'Collection: Equipment'; add: Collection: Medications; Collection: Water Treatment
15544919392329,NTL0481,DRAFT,Aqua Cube,Ntl Aq Swimbladder Treatment - 100Ml,Aquarium,Medications,Collection: Medications; Collection: Water Treatment,high,remove 'Collection: Equipment'; add: Collection: Medications; Collection: Water Treatment
15544919883849,NTL0510,DRAFT,Aqua Cube,Ntl Aq Swimbladder Treatment - 250Ml,Aquarium,Medications,Collection: Medications; Collection: Water Treatment,high,remove 'Collection: Equipment'; add: Collection: Medications; Collection: Water Treatment
15544925159497,WAT0005,DRAFT,Aqua Cube,Waterlife Malachite - 500Ml,Aquarium,Medications,Collection: Medications; Collection: Water Treatment,high,remove 'Collection: Equipment'; add: Collection: Medications; Collection: Water Treatment
15544895275081,FN0271,ARCHIVED,Aqua Cube,"12"" Fish Net",Aquarium,Nets,Collection: Maintenance & Scaping Tools,high,remove 'Collection: Equipment'; add: Collection: Maintenance & Scaping Tools
15544895012937,FN0267,ARCHIVED,Aqua Cube,"4"" Fish Net",Aquarium,Nets,Collection: Maintenance & Scaping Tools,high,remove 'Collection: Equipment'; add: Collection: Maintenance & Scaping Tools
15544895242313,FN0269,ARCHIVED,Aqua Cube,"6"" Fish Net",Aquarium,Nets,Collection: Maintenance & Scaping Tools,high,remove 'Collection: Equipment'; add: Collection: Maintenance & Scaping Tools
15544895045705,FN0270,ARCHIVED,Aqua Cube,"8"" Fish Net",Aquarium,Nets,Collection: Maintenance & Scaping Tools,high,remove 'Collection: Equipment'; add: Collection: Maintenance & Scaping Tools
15547028471881,FN0267,DRAFT,Aqua Cube,Fish Net,Aquarium,Nets,Collection: Maintenance & Scaping Tools,high,remove 'Collection: Equipment'; add: Collection: Maintenance & Scaping Tools
15546943471689,BM-ACS150,DRAFT,Aqua Cube,Bubble-Magus Clean Head ACS-150,Aquarium,Protein Skimmers,Collection: Protein Skimmers,med,remove 'Collection: Equipment'; add: Collection: Protein Skimmers
15546943504457,BM-ACS200,DRAFT,Aqua Cube,Bubble-Magus Clean Head ACS-200,Aquarium,Protein Skimmers,Collection: Protein Skimmers,med,remove 'Collection: Equipment'; add: Collection: Protein Skimmers
15546942554185,BM-VENT-C5,DRAFT,Aqua Cube,Bubble-Magus Venturi for Curve 5,Aquarium,Protein Skimmers,Collection: Protein Skimmers,med,remove 'Collection: Equipment'; add: Collection: Protein Skimmers
15546942586953,BM-VENT-C7,DRAFT,Aqua Cube,Bubble-Magus Venturi for Curve 7,Aquarium,Protein Skimmers,Collection: Protein Skimmers,med,remove 'Collection: Equipment'; add: Collection: Protein Skimmers
15546942619721,BM-VENT-C9,DRAFT,Aqua Cube,Bubble-Magus Venturi for Curve 9,Aquarium,Protein Skimmers,Collection: Protein Skimmers,med,remove 'Collection: Equipment'; add: Collection: Protein Skimmers
15544914640969,DYM0010,ACTIVE,Dymax,Dymax Iq Mini Skimmer,Aquarium,Protein Skimmers,Collection: Protein Skimmers,med,remove 'Collection: Equipment'; add: Collection: Protein Skimmers
15544915263561,DYM0261,ACTIVE,Dymax,Dymax Iq Mini Skimmer Replacement 2Pc,Aquarium,Protein Skimmers,Collection: Protein Skimmers,med,remove 'Collection: Equipment'; add: Collection: Protein Skimmers
15546934329417,SUS304-NVS-12,DRAFT,Aqua Cube,SUS304 Skimmer Outflow/Inflow Plastic Module 12mm,Aquarium,Protein Skimmers,Collection: Protein Skimmers,med,remove 'Collection: Equipment'; add: Collection: Protein Skimmers
15546934362185,SUS304-NVS-16,DRAFT,Aqua Cube,SUS304 Skimmer Outflow/Inflow Plastic Module 16mm,Aquarium,Protein Skimmers,Collection: Protein Skimmers,med,remove 'Collection: Equipment'; add: Collection: Protein Skimmers
15546942423113,BM-DSP4000PSU,DRAFT,Aqua Cube,Bubble-Magus DSP4000 Power Supply,Aquarium,Spare Parts & Controllers,Collection: Maintenance & Scaping Tools,low,remove 'Collection: Equipment'; add: Collection: Maintenance & Scaping Tools
15546941866057,JECOD-CTRL150,DRAFT,Jecod,Jecod DCT15000 Replacement Controller 150W,Aquarium,Spare Parts & Controllers,Collection: Maintenance & Scaping Tools,low,remove 'Collection: Equipment'; add: Collection: Maintenance & Scaping Tools
15546941800521,JECOD-CTRL50,DRAFT,Jecod,Jecod DCT4000/6000 Replacement Controller 50W,Aquarium,Spare Parts & Controllers,Collection: Maintenance & Scaping Tools,low,remove 'Collection: Equipment'; add: Collection: Maintenance & Scaping Tools
15546941833289,JECOD-CTRL100,DRAFT,Jecod,Jecod DCT8000/12000 Replacement Controller 100W,Aquarium,Spare Parts & Controllers,Collection: Maintenance & Scaping Tools,low,remove 'Collection: Equipment'; add: Collection: Maintenance & Scaping Tools
15546941898825,JECOD-PSU3A,DRAFT,Jecod,Jecod Replacement PSU 24V 3A (3000-5000),Aquarium,Spare Parts & Controllers,Collection: Maintenance & Scaping Tools,low,remove 'Collection: Equipment'; add: Collection: Maintenance & Scaping Tools
15546941931593,JECOD-PSU4A,DRAFT,Jecod,Jecod Replacement PSU 24V 4A (3000-8000),Aquarium,Spare Parts & Controllers,Collection: Maintenance & Scaping Tools,low,remove 'Collection: Equipment'; add: Collection: Maintenance & Scaping Tools
15546941964361,JECOD-PSU5A,DRAFT,Jecod,Jecod Replacement PSU 24V 5A (3000-10000),Aquarium,Spare Parts & Controllers,Collection: Maintenance & Scaping Tools,low,remove 'Collection: Equipment'; add: Collection: Maintenance & Scaping Tools
15546941997129,JECOD-PSU6A,DRAFT,Jecod,Jecod Replacement PSU 24V 6A (15000-20000),Aquarium,Spare Parts & Controllers,Collection: Maintenance & Scaping Tools,low,remove 'Collection: Equipment'; add: Collection: Maintenance & Scaping Tools
15546941145161,MAX-GFMOTOR,DRAFT,Aqua Cube,Maxspect GF308/316 Replacement Motor,Aquarium,Spare Parts & Controllers,Collection: Maintenance & Scaping Tools,low,remove 'Collection: Equipment'; add: Collection: Maintenance & Scaping Tools
15546941177929,MAX-GFPSU,DRAFT,Aqua Cube,Maxspect GF308/316 Replacement Power Supply,Aquarium,Spare Parts & Controllers,Collection: Maintenance & Scaping Tools,low,remove 'Collection: Equipment'; add: Collection: Maintenance & Scaping Tools
15544912707657,AG1007A,DRAFT,Aqua Cube,Bahama Rose Pink Pebble 3-4Mm 2Kg,Aquarium,Substrate / Plant,Collection: Inert Gravel,med,remove 'Collection: Equipment'; add: Collection: Inert Gravel
15544913002569,AG1019E,DRAFT,Aqua Cube,Black Pebble 6-9 - 2Kg,Aquarium,Substrate / Plant,Collection: Inert Gravel,med,remove 'Collection: Equipment'; add: Collection: Inert Gravel
15544912937033,AG1019B,DRAFT,Aqua Cube,Black Polished Pebble 2-4Mm 2Kg,Aquarium,Substrate / Plant,Collection: Inert Gravel,med,remove 'Collection: Equipment'; add: Collection: Inert Gravel
15544912969801,AG1019C,DRAFT,Aqua Cube,Black Polished Pebble 3-5Mm - 2Kg,Aquarium,Substrate / Plant,Collection: Inert Gravel,med,remove 'Collection: Equipment'; add: Collection: Inert Gravel
15544913297481,AG2004AB,DRAFT,Aqua Cube,Gloss Black Pebble 6-9Mm - 2Kg,Aquarium,Substrate / Plant,Collection: Inert Gravel,med,remove 'Collection: Equipment'; add: Collection: Inert Gravel
15544913887305,JBL25391,ACTIVE,JBL,Jbl Fe Refill,Aquarium,Substrate / Plant,Collection: Inert Gravel,med,remove 'Collection: Equipment'; add: Collection: Inert Gravel
15544913952841,JBL67078,DRAFT,Aqua Cube,Jbl Proscape Volcano Mineral - 9L,Aquarium,Substrate / Plant,Collection: Inert Gravel,med,remove 'Collection: Equipment'; add: Collection: Inert Gravel
15544912740425,AG1012A,DRAFT,Aqua Cube,Malawi Yellow Pebble 2-4Mm 2Kg,Aquarium,Substrate / Plant,Collection: Inert Gravel,med,remove 'Collection: Equipment'; add: Collection: Inert Gravel
15544912871497,AG1018C,DRAFT,Aqua Cube,Tanganyika Mix Pebble 3-5Mm 2Kg,Aquarium,Substrate / Plant,Collection: Inert Gravel,med,remove 'Collection: Equipment'; add: Collection: Inert Gravel
15544912805961,AG1017C,DRAFT,Aqua Cube,Vic Falls Natural Mix Pebble 3-5Mm 2Kg,Aquarium,Substrate / Plant,Collection: Inert Gravel,med,remove 'Collection: Equipment'; add: Collection: Inert Gravel
15544913035337,AG1020C,DRAFT,Aqua Cube,Zambesi Mix Pebble 4-6Mm - 2Kg,Aquarium,Substrate / Plant,Collection: Inert Gravel,med,remove 'Collection: Equipment'; add: Collection: Inert Gravel
15544911626313,HYG0239,ACTIVE,Hygger,Hygger Water Quality Meter - 5 In 1,Aquarium,Test Kits,Collection: Freshwater Test Kits,med,remove 'Collection: Equipment'; add: Collection: Freshwater Test Kits
15544920866889,UZ0222,DRAFT,Aqua Cube,15W Uv Tube - Phillips,Aquarium,UV Filters,Collection: UV Filters,high,remove 'Collection: Equipment'; add: Collection: UV Filters
15544921129033,UZ0223,DRAFT,Aqua Cube,30W Uv Tube - Phillips,Aquarium,UV Filters,Collection: UV Filters,high,remove 'Collection: Equipment'; add: Collection: UV Filters
15544920899657,UZ0224,DRAFT,Aqua Cube,55W Uv Tube - Phillips,Aquarium,UV Filters,Collection: UV Filters,high,remove 'Collection: Equipment'; add: Collection: UV Filters
15544921096265,UZ0216,DRAFT,Aqua Cube,8W Uv Tube - Phillips,Aquarium,UV Filters,Collection: UV Filters,high,remove 'Collection: Equipment'; add: Collection: UV Filters
15544914837577,DYM0151,ACTIVE,Dymax,Dymax Uv Tube 5W,Aquarium,UV Filters,Collection: UV Filters,high,remove 'Collection: Equipment'; add: Collection: UV Filters
15544915624009,DYM0472,ACTIVE,Dymax,Dymax Uv-Flo 5W (16/22Mm),Aquarium,UV Filters,Collection: UV Filters,high,remove 'Collection: Equipment'; add: Collection: UV Filters
15544915361865,DYM0471,ACTIVE,Dymax,Dymax Uv-Flow 5W (12/16Mm),Aquarium,UV Filters,Collection: UV Filters,high,remove 'Collection: Equipment'; add: Collection: UV Filters
15544920997961,LS0090,DRAFT,Aqua Cube,End Caps Large Sterilizers / 2 Pack,Aquarium,UV Filters,Collection: UV Filters,high,remove 'Collection: Equipment'; add: Collection: UV Filters
15544920965193,LS0089,DRAFT,Aqua Cube,End Caps Slimline Sterilizer / 2 Pack,Aquarium,UV Filters,Collection: UV Filters,high,remove 'Collection: Equipment'; add: Collection: UV Filters
15544921915465,PFU0541,ACTIVE,Aqua Cube,Quartz Sleeve Cpf-10000 No Barcode,Aquarium,UV Filters,Collection: UV Filters,high,remove 'Collection: Equipment'; add: Collection: UV Filters
15544921981001,PFU0542,ACTIVE,Aqua Cube,Quartz Sleeve Cpf-15000 No Barcode,Aquarium,UV Filters,Collection: UV Filters,high,remove 'Collection: Equipment'; add: Collection: UV Filters
15544921882697,PFU0539,ACTIVE,Aqua Cube,Quartz Sleeve Cpf-2500 No Barcode,Aquarium,UV Filters,Collection: UV Filters,high,remove 'Collection: Equipment'; add: Collection: UV Filters
15544922341449,PFU0543,ACTIVE,Aqua Cube,Quartz Sleeve Cpf-30000 No Barcode,Aquarium,UV Filters,Collection: UV Filters,high,remove 'Collection: Equipment'; add: Collection: UV Filters
15544921686089,PFU0540,ACTIVE,Aqua Cube,Quartz Sleeve Cpf-5000 No Barcode,Aquarium,UV Filters,Collection: UV Filters,high,remove 'Collection: Equipment'; add: Collection: UV Filters
15544923619401,CPD0867,ACTIVE,Dophin,Dophin P-200 - 300 L/H,Aquarium,Water Pumps,Collection: Water Pumps,med,remove 'Collection: Equipment'; add: Collection: Water Pumps
15544924110921,CPD0903,ACTIVE,Dophin,Dophin Pc-1000 - 1000 L/H 1.00M Head (10W),Aquarium,Water Pumps,Collection: Water Pumps,med,remove 'Collection: Equipment'; add: Collection: Water Pumps
15544924405833,CPD0904,ACTIVE,Dophin,Dophin Pc-2000 - 2000 L/H 1.80M Head (32W),Aquarium,Water Pumps,Collection: Water Pumps,med,remove 'Collection: Equipment'; add: Collection: Water Pumps
15544924078153,CPD0901,ACTIVE,Dophin,Dophin Pc-300 - 300 L/H 0.50M Head (4.5W),Aquarium,Water Pumps,Collection: Water Pumps,med,remove 'Collection: Equipment'; add: Collection: Water Pumps
15544924143689,CPD0905,ACTIVE,Dophin,Dophin Pc-3000 - 3000 L/H 2.50M Head (45W),Aquarium,Water Pumps,Collection: Water Pumps,med,remove 'Collection: Equipment'; add: Collection: Water Pumps
15544924438601,CPD0906,ACTIVE,Dophin,Dophin Pc-4000 - 4000 L/H 2.80M Head (75W),Aquarium,Water Pumps,Collection: Water Pumps,med,remove 'Collection: Equipment'; add: Collection: Water Pumps
15544924373065,CPD0902,ACTIVE,Dophin,Dophin Pc-500 - 500 L/H 0.50M Head (6W),Aquarium,Water Pumps,Collection: Water Pumps,med,remove 'Collection: Equipment'; add: Collection: Water Pumps
15544924176457,CPD0907,ACTIVE,Dophin,Dophin Pc-5000 - 5000 L/H 3.00M Head (125W),Aquarium,Water Pumps,Collection: Water Pumps,med,remove 'Collection: Equipment'; add: Collection: Water Pumps
15544922210377,CPS0514,ACTIVE,Grech,Grech Hj-1142 - 1000 L/H Head 1.6M,Aquarium,Water Pumps,Collection: Water Pumps,med,remove 'Collection: Equipment'; add: Collection: Water Pumps
15544922570825,CPS0515,ACTIVE,Grech,Grech Hj-1542 - 1400 L/H Head 2M,Aquarium,Water Pumps,Collection: Water Pumps,med,remove 'Collection: Equipment'; add: Collection: Water Pumps
15544922243145,CPS0516,ACTIVE,Grech,Grech Hj-1842 - 1800 L/H Head 2.5M,Aquarium,Water Pumps,Collection: Water Pumps,med,remove 'Collection: Equipment'; add: Collection: Water Pumps
15544922472521,CPS0511,ACTIVE,Grech,Grech Hj-542 - 400 L/H Head 0.80M,Aquarium,Water Pumps,Collection: Water Pumps,med,remove 'Collection: Equipment'; add: Collection: Water Pumps
15544922177609,CPS0512,ACTIVE,Grech,Grech Hj-742 - 600 L/H Head 1.00M,Aquarium,Water Pumps,Collection: Water Pumps,med,remove 'Collection: Equipment'; add: Collection: Water Pumps
15544922505289,CPS0513,ACTIVE,Grech,Grech Hj-942 - 800 L/H Head 1.30M,Aquarium,Water Pumps,Collection: Water Pumps,med,remove 'Collection: Equipment'; add: Collection: Water Pumps
15544923095113,FPS0530,ACTIVE,Grech,Grech Pump Cqb-10000 - 13000 L/H 6M Head,Aquarium,Water Pumps,Collection: Water Pumps,med,remove 'Collection: Equipment'; add: Collection: Water Pumps
15544922800201,FPS0531,ACTIVE,Grech,Grech Pump Cqb-15000 - 15000 L/H 8M Head,Aquarium,Water Pumps,Collection: Water Pumps,med,remove 'Collection: Equipment'; add: Collection: Water Pumps
15544922996809,FPS0542,ACTIVE,Sun Sun,"Sun Sun Jdp-10000 - 24V / <10,000 L/H",Aquarium,Water Pumps,Collection: Water Pumps,med,remove 'Collection: Equipment'; add: Collection: Water Pumps
15544923390025,FPS0543,ACTIVE,Sun Sun,Sun Sun Jdp-18000 - 24V / <18 000 L/H,Aquarium,Water Pumps,Collection: Water Pumps,med,remove 'Collection: Equipment'; add: Collection: Water Pumps
15544922931273,FPS0539,ACTIVE,Sun Sun,Sun Sun Jdp-3500 - 24V / <3 500 L/H,Aquarium,Water Pumps,Collection: Water Pumps,med,remove 'Collection: Equipment'; add: Collection: Water Pumps
15544922964041,FPS0540,ACTIVE,Sun Sun,"Sun Sun Jdp-6000 - 24V / <6,000 L/H",Aquarium,Water Pumps,Collection: Water Pumps,med,remove 'Collection: Equipment'; add: Collection: Water Pumps
15544924766281,CPS0510,ACTIVE,Sun Sun,Sun Sun Jsp-01 - Solar Pump / 170 L/H,Aquarium,Water Pumps,Collection: Water Pumps,med,remove 'Collection: Equipment'; add: Collection: Water Pumps
15546934853705,WF4,DRAFT,Aqua Cube,WF-4 Head Shape Sucker for 4-6mm Pipe,Aquarium,Water Pumps,Collection: Water Pumps,med,remove 'Collection: Equipment'; add: Collection: Water Pumps
15544924995657,AM0215,DRAFT,Aqua Cube,Bio Hydroclear 1L - New Formula Treats 10 000L,Aquarium,Water Treatment,Collection: Water Treatment,med,remove 'Collection: Equipment'; add: Collection: Water Treatment
15544924962889,AM0214,DRAFT,Aqua Cube,Bio Hydroclear 200Ml - New Formula Treats 2 000L,Aquarium,Water Treatment,Collection: Water Treatment,med,remove 'Collection: Equipment'; add: Collection: Water Treatment
15544924831817,AM0212,DRAFT,Aqua Cube,Bio Hydroclear 500Ml Treats 5 000L,Aquarium,Water Treatment,Collection: Water Treatment,med,remove 'Collection: Equipment'; add: Collection: Water Treatment
15544924864585,AM0218,DRAFT,Aqua Cube,Bio Hydroclear 5L - New Formula Treats 50 000L,Aquarium,Water Treatment,Collection: Water Treatment,med,remove 'Collection: Equipment'; add: Collection: Water Treatment
15544925061193,AM0217,DRAFT,Aqua Cube,Bio Nitraclear 1L - New Formula Treats 10 000L,Aquarium,Water Treatment,Collection: Water Treatment,med,remove 'Collection: Equipment'; add: Collection: Water Treatment
15544925028425,AM0216,DRAFT,Aqua Cube,Bio Nitraclear 200Ml - New Formula Treats 2 000L,Aquarium,Water Treatment,Collection: Water Treatment,med,remove 'Collection: Equipment'; add: Collection: Water Treatment
15544924897353,AM0213,DRAFT,Aqua Cube,Bio Nitraclear 500Ml Treats 5 000L,Aquarium,Water Treatment,Collection: Water Treatment,med,remove 'Collection: Equipment'; add: Collection: Water Treatment
15544924930121,AM0219,DRAFT,Aqua Cube,Bio Nitraclear 5L - New Formula Treats 50 000L,Aquarium,Water Treatment,Collection: Water Treatment,med,remove 'Collection: Equipment'; add: Collection: Water Treatment
15544917262409,DYM0166,ACTIVE,Dymax,Dymax Aqua Clarity 150Ml,Aquarium,Water Treatment,Collection: Water Treatment,med,remove 'Collection: Equipment'; add: Collection: Water Treatment
15544917557321,DYM0064,ACTIVE,Dymax,Dymax Aqua Clarity 300Ml,Aquarium,Water Treatment,Collection: Water Treatment,med,remove 'Collection: Equipment'; add: Collection: Water Treatment
15544914673737,DYM0744,ACTIVE,Dymax,Dymax Clear Mix 100Ml,Aquarium,Water Treatment,Collection: Water Treatment,med,remove 'Collection: Equipment'; add: Collection: Water Treatment
15544915656777,DYM0526,ACTIVE,Dymax,Dymax Clear X Power - 5 Pack,Aquarium,Water Treatment,Collection: Water Treatment,med,remove 'Collection: Equipment'; add: Collection: Water Treatment
15544914935881,DYM0085,DRAFT,Aqua Cube,Dymax Clear-Mix 500Ml,Aquarium,Water Treatment,Collection: Water Treatment,med,remove 'Collection: Equipment'; add: Collection: Water Treatment
15544917590089,DYM0167,ACTIVE,Dymax,Dymax Instant Bactereum 150Ml,Aquarium,Water Treatment,Collection: Water Treatment,med,remove 'Collection: Equipment'; add: Collection: Water Treatment
15544917327945,DYM0693,ACTIVE,Dymax,Dymax Instant Bactereum 300Ml,Aquarium,Water Treatment,Collection: Water Treatment,med,remove 'Collection: Equipment'; add: Collection: Water Treatment
15544917196873,DYM0164,ACTIVE,Dymax,Dymax Instant Start 150Ml,Aquarium,Water Treatment,Collection: Water Treatment,med,remove 'Collection: Equipment'; add: Collection: Water Treatment
15544917491785,DYM0062,ACTIVE,Dymax,Dymax Instant Start 300Ml,Aquarium,Water Treatment,Collection: Water Treatment,med,remove 'Collection: Equipment'; add: Collection: Water Treatment
15544915951689,DYM0699,DRAFT,Aqua Cube,Dymax Specex Flora,Aquarium,Water Treatment,Collection: Water Treatment,med,remove 'Collection: Equipment'; add: Collection: Water Treatment
15544916213833,DYM0700,DRAFT,Aqua Cube,Dymax Specex Reef,Aquarium,Water Treatment,Collection: Water Treatment,med,remove 'Collection: Equipment'; add: Collection: Water Treatment
15544924733513,CPS0542,ACTIVE,Aqua Cube,Circulation Hzx-250 / 10 Kl/H 13M,Aquarium,Wavemakers,Collection: Wavemakers,med,remove 'Collection: Equipment'; add: Collection: Wavemakers
15547025981513,,ACTIVE,Maxspect,Maxspect Turbine Duo TD-6K (40W),Aquarium,Wavemakers,Collection: Wavemakers,med,remove 'Collection: Equipment'; add: Collection: Wavemakers
15544930205769,AM3721,ACTIVE,Aqua Cube,Feather & Skin Beauty Spray 300Ml,Non-Aquarium,Animal Health,Collection: Animal Health,med,remove 'Collection: Equipment'; add: Collection: Animal Health
15544930173001,AM3717,ACTIVE,Aqua Cube,Scaly Face & Leg Treatment 50Ml,Non-Aquarium,Animal Health,Collection: Animal Health,med,remove 'Collection: Equipment'; add: Collection: Animal Health
15544932008009,CAD004,DRAFT,Aqua Cube,Bell 24Mm / 10 Pack,Non-Aquarium,Bird & Cage Toys,Collection: Bird & Cage Toys,high,remove 'Collection: Equipment'; add: Collection: Bird & Cage Toys
15544931811401,CAD005,DRAFT,Aqua Cube,Bell 40Mm / 5 Pack,Non-Aquarium,Bird & Cage Toys,Collection: Bird & Cage Toys,high,remove 'Collection: Equipment'; add: Collection: Bird & Cage Toys
15544930861129,BT2816,DRAFT,Aqua Cube,Bell Tree Large - 470Mm(L),Non-Aquarium,Bird & Cage Toys,Collection: Bird & Cage Toys,high,remove 'Collection: Equipment'; add: Collection: Bird & Cage Toys
15544930631753,BT2817,DRAFT,Aqua Cube,Bell Tree Small - 280Mm(L),Non-Aquarium,Bird & Cage Toys,Collection: Bird & Cage Toys,high,remove 'Collection: Equipment'; add: Collection: Bird & Cage Toys
15544931582025,BT3120,DRAFT,Aqua Cube,Bristleworm - 210Mm(L),Non-Aquarium,Bird & Cage Toys,Collection: Bird & Cage Toys,high,remove 'Collection: Equipment'; add: Collection: Bird & Cage Toys
15544930893897,BT3040,DRAFT,Aqua Cube,Calci Man - 300Mm(L),Non-Aquarium,Bird & Cage Toys,Collection: Bird & Cage Toys,high,remove 'Collection: Equipment'; add: Collection: Bird & Cage Toys
15544930959433,BT3041,DRAFT,Aqua Cube,Calci Ring Tower - 520Mm(L),Non-Aquarium,Bird & Cage Toys,Collection: Bird & Cage Toys,high,remove 'Collection: Equipment'; add: Collection: Bird & Cage Toys
15544931876937,CAD009,DRAFT,Aqua Cube,Chain 1.8Mm / Meter,Non-Aquarium,Bird & Cage Toys,Collection: Bird & Cage Toys,high,remove 'Collection: Equipment'; add: Collection: Bird & Cage Toys
15544931909705,CAD012,DRAFT,Aqua Cube,Cup Hook 16Mm / 10 Pack,Non-Aquarium,Bird & Cage Toys,Collection: Bird & Cage Toys,high,remove 'Collection: Equipment'; add: Collection: Bird & Cage Toys
15544931844169,CAD007,DRAFT,Aqua Cube,Cup Hook 19Mm / 10 Pack,Non-Aquarium,Bird & Cage Toys,Collection: Bird & Cage Toys,high,remove 'Collection: Equipment'; add: Collection: Bird & Cage Toys
15544930828361,BT2813,DRAFT,Aqua Cube,Ferris Wheel - 510Mm(L),Non-Aquarium,Bird & Cage Toys,Collection: Bird & Cage Toys,high,remove 'Collection: Equipment'; add: Collection: Bird & Cage Toys
15544931385417,BT3121,DRAFT,Aqua Cube,Fire Cracker - 250Mm(L),Non-Aquarium,Bird & Cage Toys,Collection: Bird & Cage Toys,high,remove 'Collection: Equipment'; add: Collection: Bird & Cage Toys
15544930926665,BT3042,DRAFT,Aqua Cube,Half Ring Steps - 600Mm(L),Non-Aquarium,Bird & Cage Toys,Collection: Bird & Cage Toys,high,remove 'Collection: Equipment'; add: Collection: Bird & Cage Toys
15544931483721,BT3130,DRAFT,Aqua Cube,Mini Cluster - 210Mm(L),Non-Aquarium,Bird & Cage Toys,Collection: Bird & Cage Toys,high,remove 'Collection: Equipment'; add: Collection: Bird & Cage Toys
15544931188809,BT2926,DRAFT,Aqua Cube,Monkey Man - 260Mm(L),Non-Aquarium,Bird & Cage Toys,Collection: Bird & Cage Toys,high,remove 'Collection: Equipment'; add: Collection: Bird & Cage Toys
15544931614793,BT3122,DRAFT,Aqua Cube,Platform Cluster - 300Mm(L),Non-Aquarium,Bird & Cage Toys,Collection: Bird & Cage Toys,high,remove 'Collection: Equipment'; add: Collection: Bird & Cage Toys
15544932073545,CAD011,DRAFT,Aqua Cube,Quick Link 3.5Mm / 10 Pack,Non-Aquarium,Bird & Cage Toys,Collection: Bird & Cage Toys,high,remove 'Collection: Equipment'; add: Collection: Bird & Cage Toys
15544931549257,BT2815,DRAFT,Aqua Cube,Rope Block - 250Mm(L),Non-Aquarium,Bird & Cage Toys,Collection: Bird & Cage Toys,high,remove 'Collection: Equipment'; add: Collection: Bird & Cage Toys
15544931450953,BT3162,DRAFT,Aqua Cube,Rope Spring Large,Non-Aquarium,Bird & Cage Toys,Collection: Bird & Cage Toys,high,remove 'Collection: Equipment'; add: Collection: Bird & Cage Toys
15544931647561,BT3161,DRAFT,Aqua Cube,Rope Spring Medium,Non-Aquarium,Bird & Cage Toys,Collection: Bird & Cage Toys,high,remove 'Collection: Equipment'; add: Collection: Bird & Cage Toys
15544931418185,BT3160,DRAFT,Aqua Cube,Rope Spring Small,Non-Aquarium,Bird & Cage Toys,Collection: Bird & Cage Toys,high,remove 'Collection: Equipment'; add: Collection: Bird & Cage Toys
15544932040777,CAD008,DRAFT,Aqua Cube,Snap Hook / 10 Pack,Non-Aquarium,Bird & Cage Toys,Collection: Bird & Cage Toys,high,remove 'Collection: Equipment'; add: Collection: Bird & Cage Toys
15544931942473,CAD000,DRAFT,Aqua Cube,Split Ring 12Mm / 10 Pack,Non-Aquarium,Bird & Cage Toys,Collection: Bird & Cage Toys,high,remove 'Collection: Equipment'; add: Collection: Bird & Cage Toys
15544931745865,CAD001,DRAFT,Aqua Cube,Split Rings 20Mm / 10 Pack,Non-Aquarium,Bird & Cage Toys,Collection: Bird & Cage Toys,high,remove 'Collection: Equipment'; add: Collection: Bird & Cage Toys
15544931975241,CAD002,DRAFT,Aqua Cube,Split Rings 24Mm / 10 Pack,Non-Aquarium,Bird & Cage Toys,Collection: Bird & Cage Toys,high,remove 'Collection: Equipment'; add: Collection: Bird & Cage Toys
15544930598985,BT2811,DRAFT,Aqua Cube,Stacked Tower - 400Mm(L),Non-Aquarium,Bird & Cage Toys,Collection: Bird & Cage Toys,high,remove 'Collection: Equipment'; add: Collection: Bird & Cage Toys
15544931319881,BT3154,DRAFT,Aqua Cube,Twelve Legged Rope Cluster Local - 400Mm(L),Non-Aquarium,Bird & Cage Toys,Collection: Bird & Cage Toys,high,remove 'Collection: Equipment'; add: Collection: Bird & Cage Toys
15544928600137,SB2998,DRAFT,Aqua Cube,Chillie-Corn Seed Bell Display Box / 13,Non-Aquarium,Bird & Small-Animal Food,Collection: Small Animal Food & Treats,high,remove 'Collection: Equipment'; add: Collection: Small Animal Food & Treats
15544928632905,SB3004,DRAFT,Aqua Cube,Fruit & Nut Seed Bell Display Box / 13,Non-Aquarium,Bird & Small-Animal Food,Collection: Small Animal Food & Treats,high,remove 'Collection: Equipment'; add: Collection: Small Animal Food & Treats
15544928337993,SM3820,DRAFT,Aqua Cube,Funky Nut & Popcorn Large Pack,Non-Aquarium,Bird & Small-Animal Food,Collection: Small Animal Food & Treats,high,remove 'Collection: Equipment'; add: Collection: Small Animal Food & Treats
15544928436297,SM3819,DRAFT,Aqua Cube,Funky Nut & Popcorn Small Pack,Non-Aquarium,Bird & Small-Animal Food,Collection: Small Animal Food & Treats,high,remove 'Collection: Equipment'; add: Collection: Small Animal Food & Treats
15544929517641,MW0000,ACTIVE,Aqua Cube,Mealworms Dried - 100G,Non-Aquarium,Bird & Small-Animal Food,Collection: Small Animal Food & Treats,high,remove 'Collection: Equipment'; add: Collection: Small Animal Food & Treats
15544929321033,MW0005,DRAFT,Aqua Cube,Mealworms Dried - 1Kg,Non-Aquarium,Bird & Small-Animal Food,Collection: Small Animal Food & Treats,high,remove 'Collection: Equipment'; add: Collection: Small Animal Food & Treats
15544929288265,MW0002,DRAFT,Aqua Cube,Mealworms Dried - 200G,Non-Aquarium,Bird & Small-Animal Food,Collection: Small Animal Food & Treats,high,remove 'Collection: Equipment'; add: Collection: Small Animal Food & Treats
15544929255497,MW0001,DRAFT,Aqua Cube,Mealworms Dried - 40G,Non-Aquarium,Bird & Small-Animal Food,Collection: Small Animal Food & Treats,high,remove 'Collection: Equipment'; add: Collection: Small Animal Food & Treats
15544929550409,MW0003,DRAFT,Aqua Cube,Mealworms Dried - 500G,Non-Aquarium,Bird & Small-Animal Food,Collection: Small Animal Food & Treats,high,remove 'Collection: Equipment'; add: Collection: Small Animal Food & Treats
15544928305225,SM3810,ACTIVE,Aqua Cube,Peanuts 500G / 10 Pack,Non-Aquarium,Bird & Small-Animal Food,Collection: Small Animal Food & Treats,high,remove 'Collection: Equipment'; add: Collection: Small Animal Food & Treats
15544941707337,SB2996,DRAFT,Aqua Cube,Small Animal Treat - Berry / Biscuit / Coco,Non-Aquarium,Bird & Small-Animal Food,Collection: Small Animal Food & Treats,high,remove 'Collection: Equipment'; add: Collection: Small Animal Food & Treats
15544941543497,SB2995,DRAFT,Aqua Cube,Small Animal Treat - Nut / Lucern / Corn,Non-Aquarium,Bird & Small-Animal Food,Collection: Small Animal Food & Treats,high,remove 'Collection: Equipment'; add: Collection: Small Animal Food & Treats
15544929878089,AM3704,DRAFT,Aqua Cube,Wheat Germ Oil 50Ml,Non-Aquarium,Bird & Small-Animal Food,Collection: Small Animal Food & Treats,high,remove 'Collection: Equipment'; add: Collection: Small Animal Food & Treats
15544940494921,PW12596,DRAFT,Aqua Cube,Delux Car Back Seat Cover,Non-Aquarium,Pet / Dog,Collection: Pet & Dog,med,remove 'Collection: Equipment'; add: Collection: Pet & Dog
15544940462153,PW11206,DRAFT,Aqua Cube,Easy Handy Silicone Bottle - 550Ml,Non-Aquarium,Pet / Dog,Collection: Pet & Dog,med,remove 'Collection: Equipment'; add: Collection: Pet & Dog
15544933679177,DB4007,DRAFT,Aqua Cube,Mango Pet Water Drinker - Mf-893 / 2L,Non-Aquarium,Pet / Dog,Collection: Pet & Dog,med,remove 'Collection: Equipment'; add: Collection: Pet & Dog
15544940625993,PS4000,DRAFT,Aqua Cube,Poop Patrol,Non-Aquarium,Pet / Dog,Collection: Pet & Dog,med,remove 'Collection: Equipment'; add: Collection: Pet & Dog
15546926399561,SOBO-PD3,DRAFT,Aqua Cube,Sobo PD-3 Pet Water Dispenser,Non-Aquarium,Pet / Dog,Collection: Pet & Dog,med,remove 'Collection: Equipment'; add: Collection: Pet & Dog
15546926432329,SOBO-PD5,DRAFT,Aqua Cube,Sobo PD-5 Pet Water Dispenser,Non-Aquarium,Pet / Dog,Collection: Pet & Dog,med,remove 'Collection: Equipment'; add: Collection: Pet & Dog
15544934662217,DT4120,DRAFT,Aqua Cube,Id Tag Tails-Stand / 3X36 Designs,Non-Aquarium,Pet ID Tags,Collection: Pet ID Tags,high,remove 'Collection: Equipment'; add: Collection: Pet ID Tags
15544934694985,DT4125,DRAFT,Aqua Cube,Tag Tails - Label Printer H110,Non-Aquarium,Pet ID Tags,Collection: Pet ID Tags,high,remove 'Collection: Equipment'; add: Collection: Pet ID Tags
15546913914953,SY-PL-3X2,ACTIVE,Aqua Cube,Pond Liner 3x2.1m 0.4mm,Non-Aquarium,Pond,Collection: Pond,med,remove 'Collection: Equipment'; add: Collection: Pond
15546913947721,SY-PL-3X4,ACTIVE,Aqua Cube,Pond Liner 3x4m 0.4mm,Non-Aquarium,Pond,Collection: Pond,med,remove 'Collection: Equipment'; add: Collection: Pond
15546913980489,SY-PL-6X4,ACTIVE,Aqua Cube,Pond Liner 6x4.5m 0.4mm,Non-Aquarium,Pond,Collection: Pond,med,remove 'Collection: Equipment'; add: Collection: Pond
15546918240329,ORN-PUZ-T4001,DRAFT,Aqua Cube,Puzzles Aquarium-T4001 (541pcs),Non-Aquarium,Puzzles & Games,Collection: Puzzles & Games,high,remove 'Collection: Equipment'; add: Collection: Puzzles & Games
15546918338633,ORN-PUZ-KQ201,DRAFT,Aqua Cube,Puzzles Cat Sunflower KQ-201 (1434pcs),Non-Aquarium,Puzzles & Games,Collection: Puzzles & Games,high,remove 'Collection: Equipment'; add: Collection: Puzzles & Games
15546917879881,ORN-PUZ-13056,ACTIVE,Aqua Cube,Puzzles Crocodiles Machinery-13056 (882pcs),Non-Aquarium,Puzzles & Games,Collection: Puzzles & Games,high,remove 'Collection: Equipment'; add: Collection: Puzzles & Games
15546918142025,ORN-PUZ-13095,DRAFT,Aqua Cube,Puzzles Cyber Cobra-13095 (1186pcs),Non-Aquarium,Puzzles & Games,Collection: Puzzles & Games,high,remove 'Collection: Equipment'; add: Collection: Puzzles & Games
15546918273097,ORN-PUZ-T4002,ACTIVE,Aqua Cube,Puzzles Deep Sea Shark Tank-T4002 (721pcs),Non-Aquarium,Puzzles & Games,Collection: Puzzles & Games,high,remove 'Collection: Equipment'; add: Collection: Puzzles & Games
15546917716041,ORN-PUZ-13050,ACTIVE,Aqua Cube,Puzzles Dinosaur-13050 (1388pcs),Non-Aquarium,Puzzles & Games,Collection: Puzzles & Games,high,remove 'Collection: Equipment'; add: Collection: Puzzles & Games
15546918043721,ORN-PUZ-13087,DRAFT,Aqua Cube,Puzzles Dinosaur-13087 (1268pcs),Non-Aquarium,Puzzles & Games,Collection: Puzzles & Games,high,remove 'Collection: Equipment'; add: Collection: Puzzles & Games
15546918010953,ORN-PUZ-13084,ACTIVE,Aqua Cube,Puzzles Eagle-13084 (1168pcs),Non-Aquarium,Puzzles & Games,Collection: Puzzles & Games,high,remove 'Collection: Equipment'; add: Collection: Puzzles & Games
15546917945417,ORN-PUZ-13058,ACTIVE,Aqua Cube,Puzzles Frog Machinery-13058 (898pcs),Non-Aquarium,Puzzles & Games,Collection: Puzzles & Games,high,remove 'Collection: Equipment'; add: Collection: Puzzles & Games
15546917847113,ORN-PUZ-13055,DRAFT,Aqua Cube,Puzzles Mantis Machinery-13055 (999pcs),Non-Aquarium,Puzzles & Games,Collection: Puzzles & Games,high,remove 'Collection: Equipment'; add: Collection: Puzzles & Games
15546918305865,ORN-PUZ-DK7011,ACTIVE,Aqua Cube,Puzzles Mechanical Seahorse DK-7011 (1003pcs),Non-Aquarium,Puzzles & Games,Collection: Puzzles & Games,high,remove 'Collection: Equipment'; add: Collection: Puzzles & Games
15546917912649,ORN-PUZ-13057,ACTIVE,Aqua Cube,Puzzles Mobulidae-13057 (966pcs),Non-Aquarium,Puzzles & Games,Collection: Puzzles & Games,high,remove 'Collection: Equipment'; add: Collection: Puzzles & Games
15546918109257,ORN-PUZ-13092,ACTIVE,Aqua Cube,Puzzles Piranha-13092 (1085pcs),Non-Aquarium,Puzzles & Games,Collection: Puzzles & Games,high,remove 'Collection: Equipment'; add: Collection: Puzzles & Games
15546917814345,ORN-PUZ-13054,ACTIVE,Aqua Cube,Puzzles Sharks Machinery-13054 (687pcs),Non-Aquarium,Puzzles & Games,Collection: Puzzles & Games,high,remove 'Collection: Equipment'; add: Collection: Puzzles & Games
15546918076489,ORN-PUZ-13089,ACTIVE,Aqua Cube,Puzzles Skeleton-13089 (1099pcs),Non-Aquarium,Puzzles & Games,Collection: Puzzles & Games,high,remove 'Collection: Equipment'; add: Collection: Puzzles & Games
15546918207561,ORN-PUZ-T7004,ACTIVE,Aqua Cube,Puzzles Steam davinci-T7004 (334pcs),Non-Aquarium,Puzzles & Games,Collection: Puzzles & Games,high,remove 'Collection: Equipment'; add: Collection: Puzzles & Games
15546918174793,ORN-PUZ-T7003,DRAFT,Aqua Cube,Puzzles T7003 (494pcs),Non-Aquarium,Puzzles & Games,Collection: Puzzles & Games,high,remove 'Collection: Equipment'; add: Collection: Puzzles & Games
15546917748809,ORN-PUZ-13051,ACTIVE,Aqua Cube,Puzzles Triceratops 13051 (1368pcs),Non-Aquarium,Puzzles & Games,Collection: Puzzles & Games,high,remove 'Collection: Equipment'; add: Collection: Puzzles & Games
15544946589769,RLD7004,DRAFT,Aqua Cube,2 In 1 Double Dome 2X200W - Drl04,Non-Aquarium,Reptile & Terrarium,Collection: Reptile & Terrarium,high,remove 'Collection: Equipment'; add: Collection: Reptile & Terrarium
15546938228809,PSU-3A-ZD200,DRAFT,Aqua Cube,3A USB Power Supply for ZD200,Non-Aquarium,Reptile & Terrarium,Collection: Reptile & Terrarium,high,remove 'Collection: Equipment'; add: Collection: Reptile & Terrarium
15546938163273,BLK-HPL,DRAFT,Aqua Cube,Bioloark HP-L(200) for SD200 5KG,Non-Aquarium,Reptile & Terrarium,Collection: Reptile & Terrarium,high,remove 'Collection: Equipment'; add: Collection: Reptile & Terrarium
15546938130505,BLK-HPS,DRAFT,Aqua Cube,Bioloark HP-S(175) for SD175 5KG,Non-Aquarium,Reptile & Terrarium,Collection: Reptile & Terrarium,high,remove 'Collection: Equipment'; add: Collection: Reptile & Terrarium
15544944197705,RHC7200,DRAFT,Aqua Cube,Ceramic Heat Emitters (Black) - 200W,Non-Aquarium,Reptile & Terrarium,Collection: Reptile & Terrarium,high,remove 'Collection: Equipment'; add: Collection: Reptile & Terrarium
15544944164937,RHC7100,DRAFT,Aqua Cube,Ceramic Heat Emitters (Black) 100W,Non-Aquarium,Reptile & Terrarium,Collection: Reptile & Terrarium,high,remove 'Collection: Equipment'; add: Collection: Reptile & Terrarium
15544944427081,RHC7150,DRAFT,Aqua Cube,Ceramic Heat Emitters (Black) 150W,Non-Aquarium,Reptile & Terrarium,Collection: Reptile & Terrarium,high,remove 'Collection: Equipment'; add: Collection: Reptile & Terrarium
15544944394313,RHC7050,DRAFT,Aqua Cube,Ceramic Heat Emitters (Black) 50W,Non-Aquarium,Reptile & Terrarium,Collection: Reptile & Terrarium,high,remove 'Collection: Equipment'; add: Collection: Reptile & Terrarium
15544946655305,RSB7050,DRAFT,Aqua Cube,Compressed Coconut Fiber - 8L - Sb650,Non-Aquarium,Reptile & Terrarium,Collection: Reptile & Terrarium,high,remove 'Collection: Equipment'; add: Collection: Reptile & Terrarium
15544946360393,RHS7009,DRAFT,Aqua Cube,Hammock Seaweed - Triangle 29X20X20Cm,Non-Aquarium,Reptile & Terrarium,Collection: Reptile & Terrarium,high,remove 'Collection: Equipment'; add: Collection: Reptile & Terrarium
15544944099401,RTC7017,DRAFT,Aqua Cube,Heating/Cooling Controller - Thc17,Non-Aquarium,Reptile & Terrarium,Collection: Reptile & Terrarium,high,remove 'Collection: Equipment'; add: Collection: Reptile & Terrarium
15544946557001,RLD7003,DRAFT,Aqua Cube,Mini Dual Dome 2X40W - Drl03,Non-Aquarium,Reptile & Terrarium,Collection: Reptile & Terrarium,high,remove 'Collection: Equipment'; add: Collection: Reptile & Terrarium
15544944001097,RTT7009,DRAFT,Aqua Cube,Pocket Timing Mister System - Tr09,Non-Aquarium,Reptile & Terrarium,Collection: Reptile & Terrarium,high,remove 'Collection: Equipment'; add: Collection: Reptile & Terrarium
15544944132169,UVB7001,DRAFT,Aqua Cube,Uv Sensor Tester Card - 2/Pack,Non-Aquarium,Reptile & Terrarium,Collection: Reptile & Terrarium,high,remove 'Collection: Equipment'; add: Collection: Reptile & Terrarium
15544934269001,DS4109,DRAFT,Aqua Cube,Security,Non-Aquarium,Signage & Novelty,Collection: Signage & Novelty,high,remove 'Collection: Equipment'; add: Collection: Signage & Novelty
15544934334537,DS4110,DRAFT,Aqua Cube,Teeth Or Bullets,Non-Aquarium,Signage & Novelty,Collection: Signage & Novelty,high,remove 'Collection: Equipment'; add: Collection: Signage & Novelty
15544934203465,DS4103,DRAFT,Aqua Cube,"To The Gate In 3 Seconds, Can You",Non-Aquarium,Signage & Novelty,Collection: Signage & Novelty,high,remove 'Collection: Equipment'; add: Collection: Signage & Novelty
15544934170697,DS4027,DRAFT,Aqua Cube,Trespassers Will Be Eaten,Non-Aquarium,Signage & Novelty,Collection: Signage & Novelty,high,remove 'Collection: Equipment'; add: Collection: Signage & Novelty
15546914701385,SY-PB320,DRAFT,Aqua Cube,320# Pet Box,Non-Aquarium,Small Animal,Collection: Small Animal,med,remove 'Collection: Equipment'; add: Collection: Small Animal
15546914734153,SY-PB420,DRAFT,Aqua Cube,420# Pet Box,Non-Aquarium,Small Animal,Collection: Small Animal,med,remove 'Collection: Equipment'; add: Collection: Small Animal
15544942198857,CC6401,DRAFT,Aqua Cube,Mammal Suspendable House 22X22X22Cm,Non-Aquarium,Small Animal,Collection: Small Animal,med,remove 'Collection: Equipment'; add: Collection: Small Animal
15544942035017,HT6801,DRAFT,Aqua Cube,Small Animal Tonic - 100Ml,Non-Aquarium,Small Animal,Collection: Small Animal,med,remove 'Collection: Equipment'; add: Collection: Small Animal
15544941871177,PW39104,ACTIVE,Aqua Cube,Snuggle Nest Cotton - 35G,Non-Aquarium,Small Animal,Collection: Small Animal,med,remove 'Collection: Equipment'; add: Collection: Small Animal
15544917229641,DYM0168,ACTIVE,Dymax,Dymax Algae Brusher 150Ml,Review,Uncategorised,,review,REVIEW - assign manually
15544917524553,DYM0066,ACTIVE,Dymax,Dymax Algae Brusher 300Ml,Review,Uncategorised,,review,REVIEW - assign manually
15544916082761,DYM0607,ACTIVE,Dymax,Dymax Crystal Culivating Pot,Review,Uncategorised,,review,REVIEW - assign manually
15544911724617,AO0708,ACTIVE,Aqua Cube,U-708B (U-673-676 In One Set),Review,Uncategorised,,review,REVIEW - assign manually
