product_id,sku,vendor,status,image_full,image_thumb
gid://shopify/Product/15544894914633,AA0527,Aqua Cube,DRAFT,https://www.akwa.co.za/wp-content/uploads/2023/05/AA0527.png,https://www.akwa.co.za/wp-content/uploads/2023/05/AA0527-300x300.png
gid://shopify/Product/15544894980169,AA0529,Aqua Cube,DRAFT,https://www.akwa.co.za/wp-content/uploads/2024/03/AA0529.png,https://www.akwa.co.za/wp-content/uploads/2024/03/AA0529-300x300.png
gid://shopify/Product/15544891080777,AB0240,Aqua Cube,DRAFT,https://www.akwa.co.za/wp-content/uploads/2022/02/AB0240.png,https://www.akwa.co.za/wp-content/uploads/2022/02/AB0240-300x300.png
gid://shopify/Product/15544890785865,AB0255,Aqua Cube,DRAFT,https://www.akwa.co.za/wp-content/uploads/2020/04/AB0255.png,https://www.akwa.co.za/wp-content/uploads/2020/04/AB0255-300x300.png
gid://shopify/Product/15544891342921,AB0261,Aqua Cube,DRAFT,https://www.akwa.co.za/wp-content/uploads/2020/04/AB0261.png,https://www.akwa.co.za/wp-content/uploads/2020/04/AB0261-300x300.png
gid://shopify/Product/15544886886473,AC0157L,Aqua Cube,DRAFT,https://www.akwa.co.za/wp-content/uploads/2020/03/AC0157L.png,https://www.akwa.co.za/wp-content/uploads/2020/03/AC0157L-300x300.png
gid://shopify/Product/15544886919241,AC0158L,Aqua Cube,DRAFT,https://www.akwa.co.za/wp-content/uploads/2020/03/AC0158L.png,https://www.akwa.co.za/wp-content/uploads/2020/03/AC0158L-300x300.png
gid://shopify/Product/15544886984777,AC0161L,Aqua Cube,DRAFT,https://www.akwa.co.za/wp-content/uploads/2020/03/AC0161L.png,https://www.akwa.co.za/wp-content/uploads/2020/03/AC0161L-300x300.png
gid://shopify/Product/15544887017545,AC0162L,Aqua Cube,DRAFT,https://www.akwa.co.za/wp-content/uploads/2020/03/AC0162L.png,https://www.akwa.co.za/wp-content/uploads/2020/03/AC0162L-300x300.png
gid://shopify/Product/15544887148617,AC0163L,Aqua Cube,DRAFT,https://www.akwa.co.za/wp-content/uploads/2020/03/AC0163L.png,https://www.akwa.co.za/wp-content/uploads/2020/03/AC0163L-300x300.png
gid://shopify/Product/15544887181385,AC0164L,Aqua Cube,DRAFT,https://www.akwa.co.za/wp-content/uploads/2020/03/AC0164L.png,https://www.akwa.co.za/wp-content/uploads/2020/03/AC0164L-300x300.png
gid://shopify/Product/15544894357577,AC1007,Aqua Cube,DRAFT,https://www.akwa.co.za/wp-content/uploads/2024/03/AC1007.png,https://www.akwa.co.za/wp-content/uploads/2024/03/AC1007-300x300.png
gid://shopify/Product/15544894062665,AC1008,Aqua Cube,DRAFT,https://www.akwa.co.za/wp-content/uploads/2024/03/AC1008.png,https://www.akwa.co.za/wp-content/uploads/2024/03/AC1008-300x300.png
gid://shopify/Product/15544894160969,AC1022,Aqua Cube,DRAFT,https://www.akwa.co.za/wp-content/uploads/2022/10/AC1022.png,https://www.akwa.co.za/wp-content/uploads/2022/10/AC1022-300x300.png
gid://shopify/Product/15544893866057,AC1024,Aqua Cube,DRAFT,https://www.akwa.co.za/wp-content/uploads/2022/10/AC1024.png,https://www.akwa.co.za/wp-content/uploads/2022/10/AC1024-300x300.png
gid://shopify/Product/15544894390345,AC1025,Aqua Cube,DRAFT,https://www.akwa.co.za/wp-content/uploads/2024/03/AC1025.png,https://www.akwa.co.za/wp-content/uploads/2024/03/AC1025-300x300.png
gid://shopify/Product/15544894685257,AC1027,Aqua Cube,DRAFT,https://www.akwa.co.za/wp-content/uploads/2024/03/AC1027.png,https://www.akwa.co.za/wp-content/uploads/2024/03/AC1027-300x300.png
gid://shopify/Product/15544894226505,AC1030,Aqua Cube,DRAFT,https://www.akwa.co.za/wp-content/uploads/2022/10/AC1030.png,https://www.akwa.co.za/wp-content/uploads/2022/10/AC1030-300x300.png
gid://shopify/Product/15544894292041,AC1034,Aqua Cube,DRAFT,https://www.akwa.co.za/wp-content/uploads/2022/10/AC1034.png,https://www.akwa.co.za/wp-content/uploads/2022/10/AC1034-300x300.png
gid://shopify/Product/15544902254665,AD0075,Aqua Cube,DRAFT,https://www.akwa.co.za/wp-content/uploads/2025/10/AD0075.png,https://www.akwa.co.za/wp-content/uploads/2025/10/AD0075-300x300.png
gid://shopify/Product/15544893112393,AFM0105,Aqua Cube,DRAFT,https://www.akwa.co.za/wp-content/uploads/2020/05/AFM0105-e1750924693258.png,https://www.akwa.co.za/wp-content/uploads/2020/05/AFM0105-e1750924693258-300x300.png
gid://shopify/Product/15544892817481,AFM0106,Aqua Cube,DRAFT,https://www.akwa.co.za/wp-content/uploads/2025/10/AFM0106.png,https://www.akwa.co.za/wp-content/uploads/2025/10/AFM0106-300x300.png
gid://shopify/Product/15544893145161,AFM0110,Aqua Cube,DRAFT,https://www.akwa.co.za/wp-content/uploads/2020/05/AFM0110-e1750923815572.png,https://www.akwa.co.za/wp-content/uploads/2020/05/AFM0110-e1750923815572-300x300.png
gid://shopify/Product/15544892850249,AFM0111,Aqua Cube,DRAFT,https://www.akwa.co.za/wp-content/uploads/2020/05/AFM0111-e1750923791426.png,https://www.akwa.co.za/wp-content/uploads/2020/05/AFM0111-e1750923791426-300x300.png
gid://shopify/Product/15544912281673,AG0850,Aqua Cube,DRAFT,https://www.akwa.co.za/wp-content/uploads/2025/11/AG0850.png,https://www.akwa.co.za/wp-content/uploads/2025/11/AG0850-300x300.png
gid://shopify/Product/15544912347209,AG1002B,Aqua Cube,DRAFT,https://www.akwa.co.za/wp-content/uploads/2020/05/AG1002B.png,https://www.akwa.co.za/wp-content/uploads/2020/05/AG1002B-300x300.png
gid://shopify/Product/15544912707657,AG1007A,Aqua Cube,DRAFT,https://www.akwa.co.za/wp-content/uploads/2020/05/AG1007A.png,https://www.akwa.co.za/wp-content/uploads/2020/05/AG1007A-300x300.png
gid://shopify/Product/15544912740425,AG1012A,Aqua Cube,DRAFT,https://www.akwa.co.za/wp-content/uploads/2020/05/AG1012A.png,https://www.akwa.co.za/wp-content/uploads/2020/05/AG1012A-300x300.png
gid://shopify/Product/15544912773193,AG1014A,Aqua Cube,DRAFT,https://www.akwa.co.za/wp-content/uploads/2020/05/AG1014A.png,https://www.akwa.co.za/wp-content/uploads/2020/05/AG1014A-300x300.png
gid://shopify/Product/15544912805961,AG1017C,Aqua Cube,DRAFT,https://www.akwa.co.za/wp-content/uploads/2020/05/AG1017C.png,https://www.akwa.co.za/wp-content/uploads/2020/05/AG1017C-300x300.png
gid://shopify/Product/15544912838729,AG1017D,Aqua Cube,DRAFT,https://www.akwa.co.za/wp-content/uploads/2020/05/AG1017D.png,https://www.akwa.co.za/wp-content/uploads/2020/05/AG1017D-300x300.png
gid://shopify/Product/15544912871497,AG1018C,Aqua Cube,DRAFT,https://www.akwa.co.za/wp-content/uploads/2020/05/AG1018C.png,https://www.akwa.co.za/wp-content/uploads/2020/05/AG1018C-300x300.png
gid://shopify/Product/15544912937033,AG1019B,Aqua Cube,DRAFT,https://www.akwa.co.za/wp-content/uploads/2020/05/AG1019B.png,https://www.akwa.co.za/wp-content/uploads/2020/05/AG1019B-300x300.png
gid://shopify/Product/15544912969801,AG1019C,Aqua Cube,DRAFT,https://www.akwa.co.za/wp-content/uploads/2024/08/AG1019C.png,https://www.akwa.co.za/wp-content/uploads/2024/08/AG1019C-300x300.png
gid://shopify/Product/15544913035337,AG1020C,Aqua Cube,DRAFT,https://www.akwa.co.za/wp-content/uploads/2020/05/AG1020C.png,https://www.akwa.co.za/wp-content/uploads/2020/05/AG1020C-300x300.png
gid://shopify/Product/15544913100873,AG1030A,Aqua Cube,DRAFT,https://www.akwa.co.za/wp-content/uploads/2024/08/AG1030A.png,https://www.akwa.co.za/wp-content/uploads/2024/08/AG1030A-300x300.png
gid://shopify/Product/15544913199177,AG1045B,Aqua Cube,DRAFT,https://www.akwa.co.za/wp-content/uploads/2023/10/AG1045B.png,https://www.akwa.co.za/wp-content/uploads/2023/10/AG1045B-300x300.png
gid://shopify/Product/15544913231945,AG1046B,Aqua Cube,DRAFT,https://www.akwa.co.za/wp-content/uploads/2023/10/AG1046B.png,https://www.akwa.co.za/wp-content/uploads/2023/10/AG1046B-300x300.png
gid://shopify/Product/15544913264713,AG1048B,Aqua Cube,DRAFT,https://www.akwa.co.za/wp-content/uploads/2023/10/AG1048B.png,https://www.akwa.co.za/wp-content/uploads/2023/10/AG1048B-300x300.png
gid://shopify/Product/15544913789001,AG1092AA,Aqua Cube,DRAFT,https://www.akwa.co.za/wp-content/uploads/2020/05/AG1092AA.png,https://www.akwa.co.za/wp-content/uploads/2020/05/AG1092AA-300x300.png
gid://shopify/Product/15544913657929,AG1095A,Aqua Cube,DRAFT,https://www.akwa.co.za/wp-content/uploads/2020/05/AG1095A.png,https://www.akwa.co.za/wp-content/uploads/2020/05/AG1095A-300x300.png
gid://shopify/Product/15544913821769,AG1095B,Aqua Cube,DRAFT,https://www.akwa.co.za/wp-content/uploads/2020/05/AG1095B.png,https://www.akwa.co.za/wp-content/uploads/2020/05/AG1095B-300x300.png
gid://shopify/Product/15544913297481,AG2004AB,Aqua Cube,DRAFT,https://www.akwa.co.za/wp-content/uploads/2024/08/AG2004AB.png,https://www.akwa.co.za/wp-content/uploads/2024/08/AG2004AB-300x300.png
gid://shopify/Product/15544895995977,AM0001,Aqua Cube,DRAFT,https://www.akwa.co.za/wp-content/uploads/2020/05/AM0001.png,https://www.akwa.co.za/wp-content/uploads/2020/05/AM0001-300x300.png
gid://shopify/Product/15544896094281,AM0002,Aqua Cube,DRAFT,https://www.akwa.co.za/wp-content/uploads/2020/05/AM0002.png,https://www.akwa.co.za/wp-content/uploads/2020/05/AM0002-300x300.png
gid://shopify/Product/15544888393801,AQA0001,Aqua Cube,DRAFT,https://www.akwa.co.za/wp-content/uploads/2025/08/AQA0001.png,https://www.akwa.co.za/wp-content/uploads/2025/08/AQA0001-300x300.png
gid://shopify/Product/15544888655945,AQA0080,Aqua Cube,DRAFT,https://www.akwa.co.za/wp-content/uploads/2020/03/AQA0080.png,https://www.akwa.co.za/wp-content/uploads/2020/03/AQA0080-300x300.png
gid://shopify/Product/15544888918089,AQA0100,Aqua Cube,DRAFT,https://www.akwa.co.za/wp-content/uploads/2020/03/AQA0100.png,https://www.akwa.co.za/wp-content/uploads/2020/03/AQA0100-300x300.png
gid://shopify/Product/15544888950857,AQA0120,Aqua Cube,DRAFT,https://www.akwa.co.za/wp-content/uploads/2020/03/AQA0120.png,https://www.akwa.co.za/wp-content/uploads/2020/03/AQA0120-300x300.png
gid://shopify/Product/15544889245769,AQA0150,Aqua Cube,DRAFT,https://www.akwa.co.za/wp-content/uploads/2020/03/AQA0150.png,https://www.akwa.co.za/wp-content/uploads/2020/03/AQA0150-300x300.png
gid://shopify/Product/15544889606217,AQD1101,Aqua Cube,DRAFT,https://www.akwa.co.za/wp-content/uploads/2023/07/AQD1101.png,https://www.akwa.co.za/wp-content/uploads/2023/07/AQD1101-300x300.png
gid://shopify/Product/15544889868361,AQD1103,Aqua Cube,DRAFT,https://www.akwa.co.za/wp-content/uploads/2023/07/AQD1103.png,https://www.akwa.co.za/wp-content/uploads/2023/07/AQD1103-300x300.png
gid://shopify/Product/15544889638985,AQD1105,Aqua Cube,DRAFT,https://www.akwa.co.za/wp-content/uploads/2023/07/AQD1105.png,https://www.akwa.co.za/wp-content/uploads/2023/07/AQD1105-300x300.png
gid://shopify/Product/15544888590409,AQS0588,Aqua Cube,DRAFT,https://www.akwa.co.za/wp-content/uploads/2025/06/AQS0588.png,https://www.akwa.co.za/wp-content/uploads/2025/06/AQS0588-300x300.png
gid://shopify/Product/15544888885321,AQS0589,Aqua Cube,DRAFT,https://www.akwa.co.za/wp-content/uploads/2025/06/AQS0589.png,https://www.akwa.co.za/wp-content/uploads/2025/06/AQS0589-300x300.png
gid://shopify/Product/15544888623177,AQS0590,Aqua Cube,DRAFT,https://www.akwa.co.za/wp-content/uploads/2025/06/AQS0590.png,https://www.akwa.co.za/wp-content/uploads/2025/06/AQS0590-300x300.png
gid://shopify/Product/15544893046857,AR0072,Aqua Cube,DRAFT,https://www.akwa.co.za/wp-content/uploads/2020/05/AR0072.png,https://www.akwa.co.za/wp-content/uploads/2020/05/AR0072-300x300.png
gid://shopify/Product/15544895340617,AS0533,Aqua Cube,DRAFT,https://www.akwa.co.za/wp-content/uploads/2020/05/AS0533.png,https://www.akwa.co.za/wp-content/uploads/2020/05/AS0533-300x300.png
gid://shopify/Product/15544887967817,ASK0000,Aqua Cube,DRAFT,https://www.akwa.co.za/wp-content/uploads/2020/03/ASK0000.png,https://www.akwa.co.za/wp-content/uploads/2020/03/ASK0000-300x300.png
gid://shopify/Product/15544888295497,ASK0007,Aqua Cube,DRAFT,https://www.akwa.co.za/wp-content/uploads/2020/03/ASK0007.png,https://www.akwa.co.za/wp-content/uploads/2020/03/ASK0007-300x300.png
gid://shopify/Product/15544888361033,ASK0016,Aqua Cube,DRAFT,https://www.akwa.co.za/wp-content/uploads/2025/10/ASK0016.png,https://www.akwa.co.za/wp-content/uploads/2025/10/ASK0016-300x300.png
gid://shopify/Product/15544892981321,BO0068,Aqua Cube,DRAFT,https://www.akwa.co.za/wp-content/uploads/2020/05/BO0068-e1750927186935.png,https://www.akwa.co.za/wp-content/uploads/2020/05/BO0068-e1750927186935-300x300.png
gid://shopify/Product/15544909594697,CFD0866,Aqua Cube,DRAFT,https://www.akwa.co.za/wp-content/uploads/2020/07/CFD0866.png,https://www.akwa.co.za/wp-content/uploads/2020/07/CFD0866-300x300.png
gid://shopify/Product/15544909987913,CFD0867,Aqua Cube,DRAFT,https://www.akwa.co.za/wp-content/uploads/2020/07/CFD0867.png,https://www.akwa.co.za/wp-content/uploads/2020/07/CFD0867-300x300.png
gid://shopify/Product/15544913330249,CG0824,Aqua Cube,DRAFT,https://www.akwa.co.za/wp-content/uploads/2020/05/CG0824.png,https://www.akwa.co.za/wp-content/uploads/2020/05/CG0824-300x300.png
gid://shopify/Product/15544913494089,CG0826,Aqua Cube,DRAFT,https://www.akwa.co.za/wp-content/uploads/2020/05/CG0826.png,https://www.akwa.co.za/wp-content/uploads/2020/05/CG0826-300x300.png
gid://shopify/Product/15544913363017,CG0827,Aqua Cube,DRAFT,https://www.akwa.co.za/wp-content/uploads/2020/05/CG0827.png,https://www.akwa.co.za/wp-content/uploads/2020/05/CG0827-300x300.png
gid://shopify/Product/15544913526857,CG0828,Aqua Cube,ARCHIVED,https://www.akwa.co.za/wp-content/uploads/2020/05/CG0828.png,https://www.akwa.co.za/wp-content/uploads/2020/05/CG0828-300x300.png
gid://shopify/Product/15544913395785,CG0829,Aqua Cube,DRAFT,https://www.akwa.co.za/wp-content/uploads/2020/05/CG0829.png,https://www.akwa.co.za/wp-content/uploads/2020/05/CG0829-300x300.png
gid://shopify/Product/15544913559625,CG0830,Aqua Cube,ARCHIVED,https://www.akwa.co.za/wp-content/uploads/2020/05/CG0830.png,https://www.akwa.co.za/wp-content/uploads/2020/05/CG0830-300x300.png
gid://shopify/Product/15547028144201,CG0830,Aqua Cube,DRAFT,https://www.akwa.co.za/wp-content/uploads/2020/05/CG0830.png,https://www.akwa.co.za/wp-content/uploads/2020/05/CG0830-300x300.png
gid://shopify/Product/15544913428553,CG0832,Aqua Cube,ARCHIVED,https://www.akwa.co.za/wp-content/uploads/2020/05/CG0832.png,https://www.akwa.co.za/wp-content/uploads/2020/05/CG0832-300x300.png
gid://shopify/Product/15544913461321,CG0834,Aqua Cube,ARCHIVED,https://www.akwa.co.za/wp-content/uploads/2020/05/CG0834.png,https://www.akwa.co.za/wp-content/uploads/2020/05/CG0834-300x300.png
gid://shopify/Product/15544913592393,CG0846,Aqua Cube,ARCHIVED,https://www.akwa.co.za/wp-content/uploads/2020/05/CG0846.png,https://www.akwa.co.za/wp-content/uploads/2020/05/CG0846-300x300.png
gid://shopify/Product/15544913625161,CG0850,Aqua Cube,DRAFT,https://www.akwa.co.za/wp-content/uploads/2020/05/CG0850.png,https://www.akwa.co.za/wp-content/uploads/2020/05/CG0850-300x300.png
gid://shopify/Product/15544892751945,CR0062,Aqua Cube,DRAFT,https://www.akwa.co.za/wp-content/uploads/2020/05/CR0062.png,https://www.akwa.co.za/wp-content/uploads/2020/05/CR0062-300x300.png
gid://shopify/Product/15544896684105,DF1301,Aqua Cube,DRAFT,https://www.akwa.co.za/wp-content/uploads/2020/05/DF1301.png,https://www.akwa.co.za/wp-content/uploads/2020/05/DF1301-300x300.png
gid://shopify/Product/15544896389193,DF1302,Aqua Cube,DRAFT,https://www.akwa.co.za/wp-content/uploads/2020/05/DF1302.png,https://www.akwa.co.za/wp-content/uploads/2020/05/DF1302-300x300.png
gid://shopify/Product/15544896421961,DF1309,Aqua Cube,DRAFT,https://www.akwa.co.za/wp-content/uploads/2020/05/DF1309.png,https://www.akwa.co.za/wp-content/uploads/2020/05/DF1309-300x300.png
gid://shopify/Product/15544896749641,DF1310,Aqua Cube,DRAFT,https://www.akwa.co.za/wp-content/uploads/2020/05/DF1310.png,https://www.akwa.co.za/wp-content/uploads/2020/05/DF1310-300x300.png
gid://shopify/Product/15544916967497,DYM0019,Aqua Cube,DRAFT,https://www.akwa.co.za/wp-content/uploads/2026/01/DYM0019.png,https://www.akwa.co.za/wp-content/uploads/2026/01/DYM0019-300x300.png
gid://shopify/Product/15544917164105,DYM0288,Aqua Cube,DRAFT,https://www.akwa.co.za/wp-content/uploads/2026/01/DYM0288.png,https://www.akwa.co.za/wp-content/uploads/2026/01/DYM0288-300x300.png
gid://shopify/Product/15544916934729,DYM0289,Aqua Cube,DRAFT,https://www.akwa.co.za/wp-content/uploads/2026/01/DYM0289.png,https://www.akwa.co.za/wp-content/uploads/2026/01/DYM0289-300x300.png
gid://shopify/Product/15544915427401,DYM0576,Aqua Cube,ARCHIVED,https://www.akwa.co.za/wp-content/uploads/2025/01/DYM0576-e1748865838984.png,https://www.akwa.co.za/wp-content/uploads/2025/01/DYM0576-e1748865838984-300x300.png
gid://shopify/Product/15544915689545,DYM0577,Aqua Cube,ARCHIVED,https://www.akwa.co.za/wp-content/uploads/2025/01/DYM0577-e1748865768171.png,https://www.akwa.co.za/wp-content/uploads/2025/01/DYM0577-e1748865768171-300x300.png
gid://shopify/Product/15544915460169,DYM0578,Aqua Cube,ARCHIVED,https://www.akwa.co.za/wp-content/uploads/2025/01/DYM0578-e1748865713186.png,https://www.akwa.co.za/wp-content/uploads/2025/01/DYM0578-e1748865713186-300x300.png
gid://shopify/Product/15544915722313,DYM0579,Aqua Cube,ARCHIVED,https://www.akwa.co.za/wp-content/uploads/2025/01/DYM0579-e1748865654532.png,https://www.akwa.co.za/wp-content/uploads/2025/01/DYM0579-e1748865654532-300x300.png
gid://shopify/Product/15544915492937,DYM0580,Aqua Cube,ARCHIVED,https://www.akwa.co.za/wp-content/uploads/2025/01/DYM0580-e1748865580275.png,https://www.akwa.co.za/wp-content/uploads/2025/01/DYM0580-e1748865580275-300x300.png
gid://shopify/Product/15544915755081,DYM0581,Aqua Cube,ARCHIVED,https://www.akwa.co.za/wp-content/uploads/2025/01/DYM0581-e1748865527540.png,https://www.akwa.co.za/wp-content/uploads/2025/01/DYM0581-e1748865527540-300x300.png
gid://shopify/Product/15544915787849,DYM0582,Aqua Cube,ARCHIVED,https://www.akwa.co.za/wp-content/uploads/2025/01/DYM0582-e1748865488971.png,https://www.akwa.co.za/wp-content/uploads/2025/01/DYM0582-e1748865488971-300x300.png
gid://shopify/Product/15544917033033,DYM0718,Aqua Cube,DRAFT,https://www.akwa.co.za/wp-content/uploads/2026/01/DYM0718.png,https://www.akwa.co.za/wp-content/uploads/2026/01/DYM0718-300x300.png
gid://shopify/Product/15544918376521,DYM0758,Aqua Cube,ARCHIVED,https://www.akwa.co.za/wp-content/uploads/2025/01/DYM0758-e1748863434681.png,https://www.akwa.co.za/wp-content/uploads/2025/01/DYM0758-e1748863434681-300x300.png
gid://shopify/Product/15544900419657,DYM1010,Aqua Cube,DRAFT,https://www.akwa.co.za/wp-content/uploads/2026/03/DYM1010.png,https://www.akwa.co.za/wp-content/uploads/2026/03/DYM1010-300x300.png
gid://shopify/Product/15544900714569,DYM1011,Aqua Cube,DRAFT,https://www.akwa.co.za/wp-content/uploads/2026/01/DYM1011.png,https://www.akwa.co.za/wp-content/uploads/2026/01/DYM1011-300x300.png
gid://shopify/Product/15544900747337,DYM1013,Aqua Cube,DRAFT,https://www.akwa.co.za/wp-content/uploads/2026/03/DYM1013.png,https://www.akwa.co.za/wp-content/uploads/2026/03/DYM1013-300x300.png
gid://shopify/Product/15544900485193,DYM1014,Aqua Cube,DRAFT,https://www.akwa.co.za/wp-content/uploads/2026/01/DYM1014.png,https://www.akwa.co.za/wp-content/uploads/2026/01/DYM1014-300x300.png
gid://shopify/Product/15544900780105,DYM1015,Aqua Cube,DRAFT,https://www.akwa.co.za/wp-content/uploads/2026/01/DYM1015.png,https://www.akwa.co.za/wp-content/uploads/2026/01/DYM1015-300x300.png
gid://shopify/Product/15544900517961,DYM1020,Aqua Cube,DRAFT,https://www.akwa.co.za/wp-content/uploads/2026/03/DYM1020.png,https://www.akwa.co.za/wp-content/uploads/2026/03/DYM1020-300x300.png
gid://shopify/Product/15544908054601,EFC0800,Aqua Cube,DRAFT,https://www.akwa.co.za/wp-content/uploads/2020/07/EFC0800.png,https://www.akwa.co.za/wp-content/uploads/2020/07/EFC0800-300x300.png
gid://shopify/Product/15544922046537,FB0188,Aqua Cube,DRAFT,https://www.akwa.co.za/wp-content/uploads/2020/05/FB0188.png,https://www.akwa.co.za/wp-content/uploads/2020/05/FB0188-300x300.png
gid://shopify/Product/15544895602761,FC0380,Aqua Cube,DRAFT,https://www.akwa.co.za/wp-content/uploads/2020/03/FC0380.png,https://www.akwa.co.za/wp-content/uploads/2020/03/FC0380-300x300.png
gid://shopify/Product/15544895930441,FC0381,Aqua Cube,DRAFT,https://www.akwa.co.za/wp-content/uploads/2020/03/FC0381.png,https://www.akwa.co.za/wp-content/uploads/2020/03/FC0381-300x300.png
gid://shopify/Product/15544895635529,FC0382,Aqua Cube,DRAFT,https://www.akwa.co.za/wp-content/uploads/2020/03/FC0382.png,https://www.akwa.co.za/wp-content/uploads/2020/03/FC0382-300x300.png
gid://shopify/Product/15544895668297,FC0383,Aqua Cube,DRAFT,https://www.akwa.co.za/wp-content/uploads/2020/03/FC0383.png,https://www.akwa.co.za/wp-content/uploads/2020/03/FC0383-300x300.png
gid://shopify/Product/15544895701065,FC0384,Aqua Cube,DRAFT,https://www.akwa.co.za/wp-content/uploads/2020/03/FC0384.png,https://www.akwa.co.za/wp-content/uploads/2020/03/FC0384-300x300.png
gid://shopify/Product/15544896028745,FC0385,Aqua Cube,DRAFT,https://www.akwa.co.za/wp-content/uploads/2020/03/FC0385.png,https://www.akwa.co.za/wp-content/uploads/2020/03/FC0385-300x300.png
gid://shopify/Product/15544895733833,FC0386,Aqua Cube,DRAFT,https://www.akwa.co.za/wp-content/uploads/2020/03/FC0386.png,https://www.akwa.co.za/wp-content/uploads/2020/03/FC0386-300x300.png
gid://shopify/Product/15544895766601,FC0387,Aqua Cube,DRAFT,https://www.akwa.co.za/wp-content/uploads/2020/03/FC0387.png,https://www.akwa.co.za/wp-content/uploads/2020/03/FC0387-300x300.png
gid://shopify/Product/15544895963209,FC0392,Aqua Cube,DRAFT,https://www.akwa.co.za/wp-content/uploads/2020/03/FC0392.png,https://www.akwa.co.za/wp-content/uploads/2020/03/FC0392-300x300.png
gid://shopify/Product/15544896061513,FC0393,Aqua Cube,DRAFT,https://www.akwa.co.za/wp-content/uploads/2020/03/FC0393.png,https://www.akwa.co.za/wp-content/uploads/2020/03/FC0393-300x300.png
gid://shopify/Product/15544895799369,FC0403,Aqua Cube,DRAFT,https://www.akwa.co.za/wp-content/uploads/2020/05/FC0403.png,https://www.akwa.co.za/wp-content/uploads/2020/05/FC0403-300x300.png
gid://shopify/Product/15544896127049,FC0404,Aqua Cube,DRAFT,https://www.akwa.co.za/wp-content/uploads/2020/05/FC0404.png,https://www.akwa.co.za/wp-content/uploads/2020/05/FC0404-300x300.png
gid://shopify/Product/15544895832137,FC0405,Aqua Cube,DRAFT,https://www.akwa.co.za/wp-content/uploads/2020/05/FC0405.png,https://www.akwa.co.za/wp-content/uploads/2020/05/FC0405-300x300.png
gid://shopify/Product/15544896159817,FC0407,Aqua Cube,DRAFT,https://www.akwa.co.za/wp-content/uploads/2022/10/FC0407.png,https://www.akwa.co.za/wp-content/uploads/2022/10/FC0407-300x300.png
gid://shopify/Product/15544895864905,FC0408,Aqua Cube,DRAFT,https://www.akwa.co.za/wp-content/uploads/2022/10/FC0408.png,https://www.akwa.co.za/wp-content/uploads/2022/10/FC0408-300x300.png
gid://shopify/Product/15544896192585,FC0410,Aqua Cube,DRAFT,https://www.akwa.co.za/wp-content/uploads/2022/10/FC0410.png,https://www.akwa.co.za/wp-content/uploads/2022/10/FC0410-300x300.png
gid://shopify/Product/15544896225353,FC0411,Aqua Cube,DRAFT,https://www.akwa.co.za/wp-content/uploads/2022/10/FC0411.png,https://www.akwa.co.za/wp-content/uploads/2022/10/FC0411-300x300.png
gid://shopify/Product/15544896553033,FC0413,Aqua Cube,DRAFT,https://www.akwa.co.za/wp-content/uploads/2025/02/FC0413-e1748861477705.png,https://www.akwa.co.za/wp-content/uploads/2025/02/FC0413-e1748861477705-300x300.png
gid://shopify/Product/15544885280841,FG0300,Aqua Cube,ARCHIVED,https://www.akwa.co.za/wp-content/uploads/2023/10/FG0300.png,https://www.akwa.co.za/wp-content/uploads/2023/10/FG0300-300x300.png
gid://shopify/Product/15544885510217,FG0450,Aqua Cube,ARCHIVED,https://www.akwa.co.za/wp-content/uploads/2023/10/FG0450.png,https://www.akwa.co.za/wp-content/uploads/2023/10/FG0450-300x300.png
gid://shopify/Product/15544885313609,FG0750,Aqua Cube,ARCHIVED,https://www.akwa.co.za/wp-content/uploads/2023/10/FG0750.png,https://www.akwa.co.za/wp-content/uploads/2023/10/FG0750-300x300.png
gid://shopify/Product/15544885575753,FG0900,Aqua Cube,ARCHIVED,https://www.akwa.co.za/wp-content/uploads/2023/10/FG0900.png,https://www.akwa.co.za/wp-content/uploads/2023/10/FG0900-300x300.png
gid://shopify/Product/15544906448969,FI0644,Aqua Cube,DRAFT,https://www.akwa.co.za/wp-content/uploads/2025/11/FI0644.png,https://www.akwa.co.za/wp-content/uploads/2025/11/FI0644-300x300.png
gid://shopify/Product/15544906809417,FI0645,Aqua Cube,DRAFT,https://www.akwa.co.za/wp-content/uploads/2025/11/FI0645.png,https://www.akwa.co.za/wp-content/uploads/2025/11/FI0645-300x300.png
gid://shopify/Product/15544906481737,FI0646,Aqua Cube,DRAFT,https://www.akwa.co.za/wp-content/uploads/2025/11/FI0646.png,https://www.akwa.co.za/wp-content/uploads/2025/11/FI0646-300x300.png
gid://shopify/Product/15544906842185,FI0647,Aqua Cube,DRAFT,https://www.akwa.co.za/wp-content/uploads/2025/11/FI0647.png,https://www.akwa.co.za/wp-content/uploads/2025/11/FI0647-300x300.png
gid://shopify/Product/15544909332553,FI0838,Aqua Cube,DRAFT,https://www.akwa.co.za/wp-content/uploads/2020/07/FI0838.png,https://www.akwa.co.za/wp-content/uploads/2020/07/FI0838-300x300.png
gid://shopify/Product/15544909889609,FI0846,Aqua Cube,DRAFT,https://www.akwa.co.za/wp-content/uploads/2025/11/FI0846.png,https://www.akwa.co.za/wp-content/uploads/2025/11/FI0846-300x300.png
gid://shopify/Product/15544893210697,FM0070,Aqua Cube,DRAFT,https://www.akwa.co.za/wp-content/uploads/2024/08/FM0070.png,https://www.akwa.co.za/wp-content/uploads/2024/08/FM0070-300x300.png
gid://shopify/Product/15544892620873,FM0075,Aqua Cube,DRAFT,https://www.akwa.co.za/wp-content/uploads/2020/05/FM0075.png,https://www.akwa.co.za/wp-content/uploads/2020/05/FM0075-300x300.png
gid://shopify/Product/15544895012937,FN0267,Aqua Cube,ARCHIVED,https://www.akwa.co.za/wp-content/uploads/2020/05/FN0267.png,https://www.akwa.co.za/wp-content/uploads/2020/05/FN0267-300x300.png
gid://shopify/Product/15547028471881,FN0267,Aqua Cube,DRAFT,https://www.akwa.co.za/wp-content/uploads/2020/05/FN0267.png,https://www.akwa.co.za/wp-content/uploads/2020/05/FN0267-300x300.png
gid://shopify/Product/15544895242313,FN0269,Aqua Cube,ARCHIVED,https://www.akwa.co.za/wp-content/uploads/2020/05/FN0269.png,https://www.akwa.co.za/wp-content/uploads/2020/05/FN0269-300x300.png
gid://shopify/Product/15544895045705,FN0270,Aqua Cube,ARCHIVED,https://www.akwa.co.za/wp-content/uploads/2020/05/FN0270.png,https://www.akwa.co.za/wp-content/uploads/2020/05/FN0270-300x300.png
gid://shopify/Product/15544895275081,FN0271,Aqua Cube,ARCHIVED,https://www.akwa.co.za/wp-content/uploads/2024/01/FN0271.png,https://www.akwa.co.za/wp-content/uploads/2024/01/FN0271-300x300.png
gid://shopify/Product/15544891670601,HTR0600,Aqua Cube,DRAFT,https://www.akwa.co.za/wp-content/uploads/2023/01/HTR0600.png,https://www.akwa.co.za/wp-content/uploads/2023/01/HTR0600-300x300.png
gid://shopify/Product/15544913952841,JBL67078,Aqua Cube,DRAFT,https://www.akwa.co.za/wp-content/uploads/2022/07/JBL67078.png,https://www.akwa.co.za/wp-content/uploads/2022/07/JBL67078-300x300.png
gid://shopify/Product/15544889540681,LED0003,Aqua Cube,DRAFT,https://www.akwa.co.za/wp-content/uploads/2025/10/LED0003.png,https://www.akwa.co.za/wp-content/uploads/2025/10/LED0003-300x300.png
gid://shopify/Product/15544889835593,LED0004,Aqua Cube,DRAFT,https://www.akwa.co.za/wp-content/uploads/2025/10/LED0004.png,https://www.akwa.co.za/wp-content/uploads/2025/10/LED0004-300x300.png
gid://shopify/Product/15544889573449,LED0012,Aqua Cube,DRAFT,https://www.akwa.co.za/wp-content/uploads/2025/10/LED0012.png,https://www.akwa.co.za/wp-content/uploads/2025/10/LED0012-300x300.png
gid://shopify/Product/15544889016393,LED0080,Aqua Cube,ARCHIVED,https://www.akwa.co.za/wp-content/uploads/2025/10/LED0080.png,https://www.akwa.co.za/wp-content/uploads/2025/10/LED0080-300x300.png
gid://shopify/Product/15547028439113,LED0080,Aqua Cube,DRAFT,https://www.akwa.co.za/wp-content/uploads/2025/10/LED0080.png,https://www.akwa.co.za/wp-content/uploads/2025/10/LED0080-300x300.png
gid://shopify/Product/15544889311305,LED0100,Aqua Cube,ARCHIVED,https://www.akwa.co.za/wp-content/uploads/2025/10/LED0100.png,https://www.akwa.co.za/wp-content/uploads/2025/10/LED0100-300x300.png
gid://shopify/Product/15544889049161,LED0120,Aqua Cube,ARCHIVED,https://www.akwa.co.za/wp-content/uploads/2025/10/LED0120.png,https://www.akwa.co.za/wp-content/uploads/2025/10/LED0120-300x300.png
gid://shopify/Product/15544889344073,LED0150,Aqua Cube,ARCHIVED,https://www.akwa.co.za/wp-content/uploads/2025/10/LED0150.png,https://www.akwa.co.za/wp-content/uploads/2025/10/LED0150-300x300.png
gid://shopify/Product/15544893407305,LR0070,Aqua Cube,DRAFT,https://www.akwa.co.za/wp-content/uploads/2020/05/LR0070.png,https://www.akwa.co.za/wp-content/uploads/2020/05/LR0070-300x300.png
gid://shopify/Product/15544884822089,LS0081,Aqua Cube,DRAFT,https://www.akwa.co.za/wp-content/uploads/2020/03/LS0081.png,https://www.akwa.co.za/wp-content/uploads/2020/03/LS0081-300x300.png
gid://shopify/Product/15544884985929,LS0083,Aqua Cube,DRAFT,https://www.akwa.co.za/wp-content/uploads/2020/03/LS0083.png,https://www.akwa.co.za/wp-content/uploads/2020/03/LS0083-300x300.png
gid://shopify/Product/15544903532617,ML1013,Aqua Cube,DRAFT,https://www.akwa.co.za/wp-content/uploads/2024/10/ML1013.png,https://www.akwa.co.za/wp-content/uploads/2024/10/ML1013-300x300.png
gid://shopify/Product/15544903303241,ML1021,Aqua Cube,DRAFT,https://www.akwa.co.za/wp-content/uploads/2024/10/ML1021-e1748871690261.png,https://www.akwa.co.za/wp-content/uploads/2024/10/ML1021-e1748871690261-300x300.png
gid://shopify/Product/15544903598153,ML1031,Aqua Cube,DRAFT,https://www.akwa.co.za/wp-content/uploads/2024/10/ML1031-e1748871665138.png,https://www.akwa.co.za/wp-content/uploads/2024/10/ML1031-e1748871665138-300x300.png
gid://shopify/Product/15544903336009,ML1032,Aqua Cube,DRAFT,https://www.akwa.co.za/wp-content/uploads/2024/10/ML1032-e1748871630250.png,https://www.akwa.co.za/wp-content/uploads/2024/10/ML1032-e1748871630250-300x300.png
gid://shopify/Product/15544903630921,ML1040,Aqua Cube,DRAFT,https://www.akwa.co.za/wp-content/uploads/2025/10/ML1040.png,https://www.akwa.co.za/wp-content/uploads/2025/10/ML1040-300x300.png
gid://shopify/Product/15544903368777,ML1041,Aqua Cube,DRAFT,https://www.akwa.co.za/wp-content/uploads/2025/10/ML1041.png,https://www.akwa.co.za/wp-content/uploads/2025/10/ML1041-300x300.png
gid://shopify/Product/15544918966345,NTL0004,Aqua Cube,DRAFT,https://www.akwa.co.za/wp-content/uploads/2025/05/NTL0004-e1748849043189.png,https://www.akwa.co.za/wp-content/uploads/2025/05/NTL0004-e1748849043189-300x300.png
gid://shopify/Product/15544918736969,NTL0093,Aqua Cube,DRAFT,https://www.akwa.co.za/wp-content/uploads/2025/05/NTL0093-e1748848559308.png,https://www.akwa.co.za/wp-content/uploads/2025/05/NTL0093-e1748848559308-300x300.png
gid://shopify/Product/15544920637513,NTL0315,Aqua Cube,DRAFT,https://www.akwa.co.za/wp-content/uploads/2025/11/NTL0315.png,https://www.akwa.co.za/wp-content/uploads/2025/11/NTL0315-300x300.png
gid://shopify/Product/15544919392329,NTL0481,Aqua Cube,DRAFT,https://www.akwa.co.za/wp-content/uploads/2025/05/NTL0481-e1748844349911.png,https://www.akwa.co.za/wp-content/uploads/2025/05/NTL0481-e1748844349911-300x300.png
gid://shopify/Product/15544919490633,NTL0496,Aqua Cube,DRAFT,https://www.akwa.co.za/wp-content/uploads/2025/05/NTL0496-e1748844095771.png,https://www.akwa.co.za/wp-content/uploads/2025/05/NTL0496-e1748844095771-300x300.png
gid://shopify/Product/15544920506441,NTL0548,Aqua Cube,DRAFT,https://www.akwa.co.za/wp-content/uploads/2025/11/NTL0548.png,https://www.akwa.co.za/wp-content/uploads/2025/11/NTL0548-300x300.png
gid://shopify/Product/15544920047689,NTL0550,Aqua Cube,DRAFT,https://www.akwa.co.za/wp-content/uploads/2025/05/NTL0550-e1748607579552.png,https://www.akwa.co.za/wp-content/uploads/2025/05/NTL0550-e1748607579552-300x300.png
gid://shopify/Product/15544920178761,NTL0551,Aqua Cube,DRAFT,https://www.akwa.co.za/wp-content/uploads/2025/11/NTL0551.png,https://www.akwa.co.za/wp-content/uploads/2025/11/NTL0551-300x300.png
gid://shopify/Product/15544907464777,PUV1538,Aqua Cube,DRAFT,https://www.akwa.co.za/wp-content/uploads/2020/03/PUV1538.png,https://www.akwa.co.za/wp-content/uploads/2020/03/PUV1538-300x300.png
gid://shopify/Product/15544891703369,TH0501,Aqua Cube,DRAFT,https://www.akwa.co.za/wp-content/uploads/2023/07/TH0501.png,https://www.akwa.co.za/wp-content/uploads/2023/07/TH0501-300x300.png
